epoch,step,test-mae,test-mse,train-mae,train-mse,val-mae,val-mse
0,49,,,0.44511452317237854,0.48741382360458374,,
0,99,,,0.3343360424041748,0.5024228096008301,,
0,117,,,,,0.297037273645401,0.15206843614578247
1,149,,,0.3421159088611603,0.278560072183609,,
1,199,,,0.43662285804748535,0.5695664286613464,,
1,235,,,,,0.3078216016292572,0.1655789166688919
2,249,,,0.3337708115577698,0.30115559697151184,,
2,299,,,0.26793786883354187,0.1517150104045868,,
2,349,,,0.34193694591522217,0.28191620111465454,,
2,353,,,,,0.2923380434513092,0.14683330059051514
3,399,,,0.44966045022010803,0.6781694889068604,,
3,449,,,0.42235735058784485,0.6777180433273315,,
3,471,,,,,0.2948667109012604,0.1501476764678955
4,499,,,0.3695566952228546,0.48922908306121826,,
4,549,,,0.3978857398033142,0.3757300078868866,,
4,589,,,,,0.30631956458091736,0.16435149312019348
5,599,,,0.37556397914886475,0.28057965636253357,,
5,649,,,0.32570263743400574,0.2761985659599304,,
5,699,,,0.27088463306427,0.21505066752433777,,
5,707,,,,,0.299483984708786,0.15483199059963226
6,749,,,0.31778332591056824,0.244524747133255,,
6,799,,,0.30759677290916443,0.21405847370624542,,
6,825,,,,,0.2965342104434967,0.15293434262275696
7,849,,,0.26471105217933655,0.14804139733314514,,
7,899,,,0.24128592014312744,0.14926639199256897,,
7,943,,,,,0.28913620114326477,0.1447676420211792
8,949,,,0.24169935286045074,0.10693752020597458,,
8,999,,,0.26178815960884094,0.1428564041852951,,
8,1049,,,0.2759941816329956,0.19643904268741608,,
8,1061,,,,,0.307654470205307,0.16594626009464264
9,1099,,,0.3849332928657532,0.5069769024848938,,
9,1149,,,0.499593585729599,0.7311817407608032,,
9,1179,,,,,0.3002223074436188,0.15816466510295868
10,1199,,,0.2875272333621979,0.4459554851055145,,
10,1249,,,0.339506059885025,0.3197250962257385,,
10,1297,,,,,0.3203011453151703,0.1825081706047058
11,1299,,,0.33389246463775635,0.2306698113679886,,
11,1349,,,0.23690491914749146,0.10499336570501328,,
11,1399,,,0.3667061924934387,0.4023156464099884,,
11,1415,,,,,0.29204061627388,0.14841397106647491
12,1449,,,0.3014606535434723,0.21480312943458557,,
12,1499,,,0.2646154463291168,0.15304331481456757,,
12,1533,,,,,0.2997855544090271,0.15813183784484863
13,1549,,,0.31968751549720764,0.3628242015838623,,
13,1599,,,0.3355090022087097,0.2307804524898529,,
13,1649,,,0.3333336114883423,0.24009019136428833,,
13,1651,,,,,0.33565032482147217,0.2076347917318344
14,1699,,,0.40041473507881165,0.5848826169967651,,
14,1749,,,0.35007914900779724,0.26117077469825745,,
14,1769,,,,,0.2955721914768219,0.15755502879619598
15,1799,,,0.349719762802124,0.47857820987701416,,
15,1849,,,0.41144630312919617,0.3424984812736511,,
15,1887,,,,,0.3077992796897888,0.16847006976604462
16,1899,,,0.280243456363678,0.16523554921150208,,
16,1949,,,0.2915988266468048,0.2102293223142624,,
16,1999,,,0.25973764061927795,0.14464454352855682,,
16,2005,,,,,0.3021307587623596,0.162044495344162
17,2049,,,0.3903225362300873,0.4658123552799225,,
17,2099,,,0.2896328270435333,0.17538543045520782,,
17,2123,,,,,0.31848016381263733,0.17840047180652618
18,2124,0.3152520954608917,0.23587559163570404,,,,
