date,underlying_price
2009-01-02,917.0400
2009-01-05,928.0800
2009-01-06,935.5650
2009-01-07,914.9100
2009-01-08,903.4050
2009-01-09,900.1200
2009-01-12,877.3600
2009-01-13,869.5200
2009-01-14,852.1050
2009-01-15,834.3150
2009-01-16,844.3950
2009-01-20,827.0550
2009-01-21,823.0100
2009-01-22,825.5150
2009-01-23,822.3400
2009-01-26,840.1100
2009-01-27,842.9250
2009-01-28,861.7950
2009-01-29,856.5200
2009-01-30,836.6650
2009-02-02,821.8250
2009-02-03,832.2900
2009-02-04,840.5150
2009-02-05,835.2300
2009-02-06,858.0850
2009-02-09,868.3300
2009-02-10,845.5200
2009-02-11,830.2600
2009-02-12,821.7700
2009-02-13,832.3200
2009-02-17,803.8900
2009-02-18,788.3000
2009-02-19,787.3050
2009-02-20,766.4700
2009-02-23,760.1100
2009-02-24,760.0900
2009-02-25,766.5050
2009-02-26,765.5850
2009-02-27,742.8950
2009-03-02,714.6350
2009-03-03,701.9850
2009-03-04,711.3600
2009-03-05,693.1000
2009-03-06,682.9400
2009-03-09,684.0750
2009-03-10,699.4400
2009-03-11,722.8850
2009-03-12,733.6950
2009-03-13,750.3750
2009-03-16,763.9500
2009-03-17,764.0250
2009-03-18,784.3100
2009-03-19,792.5300
2009-03-20,777.5550
2009-03-23,797.8400
2009-03-24,814.5650
2009-03-25,809.0750
2009-03-26,823.5200
2009-03-27,821.0550
2009-03-30,794.4400
2009-03-31,800.6800
2009-04-01,798.4700
2009-04-02,830.0700
2009-04-03,834.6000
2009-04-06,831.2700
2009-04-07,824.3250
2009-04-08,821.6300
2009-04-09,843.1000
2009-04-13,854.8300
2009-04-14,848.5650
2009-04-15,844.2550
2009-04-16,858.6950
2009-04-17,868.2500
2009-04-20,850.3300
2009-04-21,838.4600
2009-04-22,851.1750
2009-04-23,844.1600
2009-04-24,862.8550
2009-04-27,861.7400
2009-04-28,855.8000
2009-04-29,869.4550
2009-04-30,878.6050
2009-05-01,873.2900
2009-05-04,893.5300
2009-05-05,902.5200
2009-05-06,912.1150
2009-05-07,915.4700
2009-05-08,919.6000
2009-05-11,915.8350
2009-05-12,906.0150
2009-05-13,894.1000
2009-05-14,890.4400
2009-05-15,887.9550
2009-05-18,898.0350
2009-05-19,910.8050
2009-05-20,912.9850
2009-05-21,890.0150
2009-05-22,890.2000
2009-05-26,896.6100
2009-05-27,902.8550
2009-05-28,898.5250
2009-05-29,911.7900
2009-06-01,935.5150
2009-06-02,943.9200
2009-06-03,933.1800
2009-06-04,935.8950
2009-06-05,942.9100
2009-06-08,936.3850
2009-06-09,941.5350
2009-06-10,938.8700
2009-06-11,947.6350
2009-06-12,940.9800
2009-06-15,931.0500
2009-06-16,919.8000
2009-06-17,911.1100
2009-06-18,914.9350
2009-06-19,921.4450
2009-06-22,905.5850
2009-06-23,893.7750
2009-06-24,903.5800
2009-06-25,908.8450
2009-06-26,917.5150
2009-06-29,922.0850
2009-06-30,921.4350
2009-07-01,926.3700
2009-07-02,908.8300
2009-07-06,892.5400
2009-07-07,889.2650
2009-07-08,878.0600
2009-07-09,883.1550
2009-07-10,878.1900
2009-07-13,888.1850
2009-07-14,901.1700
2009-07-15,922.0500
2009-07-16,935.7050
2009-07-17,938.2700
2009-07-20,946.3050
2009-07-21,949.8750
2009-07-22,953.7900
2009-07-23,966.3450
2009-07-24,972.8700
2009-07-27,977.3900
2009-07-28,975.8500
2009-07-29,973.2050
2009-07-30,986.3450
2009-07-31,988.0150
2009-08-03,996.9150
2009-08-04,1001.9000
2009-08-05,1000.4750
2009-08-06,1000.2450
2009-08-07,1008.9150
2009-08-10,1005.5550
2009-08-11,999.0850
2009-08-12,1003.0700
2009-08-13,1006.9800
2009-08-14,1003.6000
2009-08-17,988.3450
2009-08-18,985.9100
2009-08-19,990.1150
2009-08-20,1002.6550
2009-08-21,1018.3250
2009-08-24,1029.1500
2009-08-25,1031.9800
2009-08-26,1027.0200
2009-08-27,1024.7650
2009-08-28,1031.3000
2009-08-31,1019.9150
2009-09-01,1012.3650
2009-09-02,996.1550
2009-09-03,997.8400
2009-09-04,1009.0650
2009-09-08,1022.3700
2009-09-09,1030.1550
2009-09-10,1036.0900
2009-09-11,1043.2900
2009-09-14,1042.3700
2009-09-15,1049.7300
2009-09-16,1060.8150
2009-09-17,1067.9850
2009-09-18,1067.8950
2009-09-21,1062.3700
2009-09-22,1070.0800
2009-09-23,1070.2700
2009-09-24,1056.0700
2009-09-25,1047.3200
2009-09-28,1055.2550
2009-09-29,1063.7250
2009-09-30,1054.9350
2009-10-01,1042.1800
2009-10-02,1025.2750
2009-10-05,1029.9100
2009-10-06,1048.6450
2009-10-07,1052.7550
2009-10-08,1065.3500
2009-10-09,1067.2550
2009-10-12,1075.5450
2009-10-13,1071.0050
2009-10-14,1085.9250
2009-10-15,1091.4850
2009-10-16,1088.1000
2009-10-19,1093.3250
2009-10-20,1092.4000
2009-10-21,1091.0650
2009-10-22,1084.7600
2009-10-23,1085.6600
2009-10-26,1078.4900
2009-10-27,1066.5500
2009-10-28,1052.7250
2009-10-29,1055.2600
2009-10-30,1049.3950
2009-11-02,1040.7800
2009-11-03,1040.1500
2009-11-04,1053.0750
2009-11-05,1066.6300
2009-11-06,1065.4000
2009-11-09,1082.7500
2009-11-10,1091.9100
2009-11-11,1099.5900
2009-11-12,1093.4350
2009-11-13,1093.4800
2009-11-16,1103.9100
2009-11-17,1106.3550
2009-11-18,1106.9000
2009-11-19,1097.4200
2009-11-20,1090.7350
2009-11-23,1103.6200
2009-11-24,1102.5950
2009-11-25,1107.9650
2009-11-27,1094.6050
2009-11-30,1091.7450
2009-12-01,1105.5850
2009-12-02,1110.4350
2009-12-03,1108.0100
2009-12-04,1107.8250
2009-12-07,1105.7750
2009-12-08,1095.8250
2009-12-09,1091.4650
2009-12-10,1102.4700
2009-12-11,1104.9200
2009-12-14,1111.3000
2009-12-15,1109.7300
2009-12-16,1112.0850
2009-12-17,1101.1200
2009-12-18,1098.8100
2009-12-21,1111.4950
2009-12-22,1117.3900
2009-12-23,1118.7900
2009-12-24,1126.4800
2009-12-28,1127.7800
2009-12-29,1128.2300
2009-12-30,1124.1800
2009-12-31,1121.2250
2010-01-04,1125.2150
2010-01-05,1133.1450
2010-01-06,1136.5700
2010-01-07,1136.8900
2010-01-08,1140.8050
2010-01-11,1145.8800
2010-01-12,1137.7900
2010-01-13,1140.7900
2010-01-14,1147.1050
2010-01-15,1139.5800
2010-01-19,1143.1100
2010-01-20,1138.6000
2010-01-21,1128.2100
2010-01-22,1102.8350
2010-01-25,1097.6850
2010-01-26,1096.7750
2010-01-27,1091.3100
2010-01-28,1089.3400
2010-01-29,1084.0200
2010-02-01,1081.6350
2010-02-02,1096.3450
2010-02-03,1098.3450
2010-02-04,1080.0150
2010-02-05,1055.8150
2010-02-08,1063.8550
2010-02-09,1069.6700
2010-02-10,1066.5050
2010-02-11,1070.3150
2010-02-12,1070.3900
2010-02-16,1087.4000
2010-02-17,1097.8750
2010-02-18,1102.8600
2010-02-19,1106.6100
2010-02-22,1108.8350
2010-02-23,1100.3800
2010-02-24,1100.9600
2010-02-25,1094.7600
2010-02-26,1102.4000
2010-03-01,1110.7350
2010-03-02,1119.9850
2010-03-03,1121.1100
2010-03-04,1120.1950
2010-03-05,1132.2500
2010-03-08,1138.9100
2010-03-09,1140.1350
2010-03-10,1144.1750
2010-03-11,1144.6150
2010-03-12,1150.1900
2010-03-15,1146.2150
2010-03-16,1155.3150
2010-03-17,1164.8900
2010-03-18,1164.4650
2010-03-19,1162.2650
2010-03-22,1165.8100
2010-03-23,1169.2750
2010-03-24,1169.5250
2010-03-25,1172.8900
2010-03-26,1167.7050
2010-03-29,1171.2800
2010-03-30,1173.3750
2010-03-31,1170.1650
2010-04-01,1176.0600
2010-04-05,1183.2200
2010-04-06,1187.2850
2010-04-07,1183.4250
2010-04-08,1181.8350
2010-04-09,1190.9050
2010-04-12,1196.9550
2010-04-13,1194.0100
2010-04-14,1199.7350
2010-04-15,1201.3700
2010-04-16,1200.3450
2010-04-19,1190.7750
2010-04-20,1203.8100
2010-04-21,1204.9200
2010-04-22,1200.2300
2010-04-23,1211.1900
2010-04-26,1215.4350
2010-04-27,1196.5000
2010-04-28,1188.4300
2010-04-29,1201.3300
2010-04-30,1197.1550
2010-05-03,1196.8550
2010-05-04,1182.8100
2010-05-05,1167.0500
2010-05-06,1116.6850
2010-05-07,1114.6400
2010-05-10,1143.0600
2010-05-11,1159.0950
2010-05-12,1164.1500
2010-05-13,1164.8550
2010-05-14,1141.6650
2010-05-17,1128.4200
2010-05-18,1132.9300
2010-05-19,1112.4650
2010-05-20,1089.4600
2010-05-21,1073.0300
2010-05-24,1081.3250
2010-05-25,1057.7650
2010-05-26,1078.1700
2010-05-27,1088.8950
2010-05-28,1093.6850
2010-06-01,1082.3300
2010-06-02,1098.3800
2010-06-03,1098.7400
2010-06-04,1079.4650
2010-06-07,1060.6100
2010-06-08,1052.6600
2010-06-09,1064.9950
2010-06-10,1073.3100
2010-06-11,1084.6850
2010-06-14,1097.4700
2010-06-15,1103.4000
2010-06-16,1112.9350
2010-06-17,1111.7950
2010-06-18,1117.4700
2010-06-21,1119.7350
2010-06-22,1106.3400
2010-06-23,1092.4750
2010-06-24,1081.2650
2010-06-25,1075.7250
2010-06-28,1077.0250
2010-06-29,1053.1400
2010-06-30,1038.2050
2010-07-01,1022.2450
2010-07-02,1024.4400
2010-07-06,1030.4250
2010-07-07,1044.7150
2010-07-08,1064.7450
2010-07-09,1073.1300
2010-07-12,1075.6150
2010-07-13,1090.0550
2010-07-14,1093.3800
2010-07-15,1089.5950
2010-07-16,1078.5850
2010-07-19,1067.9050
2010-07-20,1070.4100
2010-07-21,1077.1050
2010-07-22,1084.8200
2010-07-23,1095.8050
2010-07-26,1108.1550
2010-07-27,1115.3650
2010-07-28,1108.8850
2010-07-29,1104.3600
2010-07-30,1097.2250
2010-08-02,1117.4150
2010-08-03,1121.1000
2010-08-04,1124.1050
2010-08-05,1122.6850
2010-08-06,1115.1150
2010-08-09,1125.0750
2010-08-10,1119.3700
2010-08-11,1102.7200
2010-08-12,1081.7050
2010-08-13,1082.6250
2010-08-16,1076.0550
2010-08-17,1090.6500
2010-08-18,1092.7650
2010-08-19,1081.5500
2010-08-20,1069.7700
2010-08-23,1074.3300
2010-08-24,1054.9400
2010-08-25,1049.6050
2010-08-26,1053.4250
2010-08-27,1052.4550
2010-08-30,1056.5950
2010-08-31,1048.0100
2010-09-01,1065.5100
2010-09-02,1085.2450
2010-09-03,1099.3550
2010-09-07,1096.8750
2010-09-08,1097.8100
2010-09-09,1105.7100
2010-09-10,1107.4000
2010-09-13,1118.6250
2010-09-14,1121.4700
2010-09-15,1120.5450
2010-09-16,1122.1600
2010-09-17,1126.9500
2010-09-20,1135.7150
2010-09-21,1142.4050
2010-09-22,1137.9800
2010-09-23,1129.7800
2010-09-24,1140.2950
2010-09-27,1145.9600
2010-09-28,1141.0450
2010-09-29,1144.4450
2010-09-30,1146.6200
2010-10-01,1144.8600
2010-10-04,1140.0150
2010-10-05,1151.7200
2010-10-06,1158.5900
2010-10-07,1157.6400
2010-10-08,1161.6550
2010-10-11,1165.3500
2010-10-12,1164.1450
2010-10-13,1177.8500
2010-10-14,1172.8000
2010-10-15,1174.1600
2010-10-18,1180.0400
2010-10-19,1169.1750
2010-10-20,1174.8400
2010-10-21,1180.3000
2010-10-22,1181.4600
2010-10-25,1190.4400
2010-10-26,1182.4150
2010-10-27,1177.7700
2010-10-28,1183.3150
2010-10-29,1182.5800
2010-11-01,1186.7300
2010-11-02,1191.8700
2010-11-03,1190.9300
2010-11-04,1209.7950
2010-11-05,1223.6850
2010-11-08,1221.0600
2010-11-09,1217.8900
2010-11-10,1211.5400
2010-11-11,1209.9700
2010-11-12,1202.2900
2010-11-15,1202.2900
2010-11-16,1183.8950
2010-11-17,1179.6900
2010-11-18,1192.0200
2010-11-19,1194.7050
2010-11-22,1191.7600
2010-11-23,1184.7100
2010-11-24,1191.1600
2010-11-26,1190.5450
2010-11-29,1181.9900
2010-11-30,1180.7700
2010-12-01,1197.1050
2010-12-02,1214.3500
2010-12-03,1221.1950
2010-12-06,1223.2350
2010-12-07,1229.1500
2010-12-08,1224.2150
2010-12-09,1230.7800
2010-12-10,1236.4900
2010-12-13,1243.5350
2010-12-14,1242.3800
2010-12-15,1239.1300
2010-12-16,1238.3000
2010-12-17,1242.8400
2010-12-20,1245.8550
2010-12-21,1252.6250
2010-12-22,1257.1650
2010-12-23,1256.3200
2010-12-27,1254.9550
2010-12-28,1258.0600
2010-12-29,1260.6900
2010-12-30,1258.7050
2010-12-31,1256.7650
2011-01-03,1266.8950
2011-01-04,1268.3900
2011-01-05,1271.4950
2011-01-06,1274.3000
2011-01-07,1269.2650
2011-01-10,1266.8500
2011-01-11,1273.4350
2011-01-12,1281.2600
2011-01-13,1283.5850
2011-01-14,1287.2400
2011-01-18,1293.1100
2011-01-19,1286.7600
2011-01-20,1277.3050
2011-01-21,1286.6400
2011-01-24,1287.2000
2011-01-25,1286.1650
2011-01-26,1295.8550
2011-01-27,1297.8500
2011-01-28,1288.8850
2011-01-31,1281.8350
2011-02-01,1299.0000
2011-02-02,1305.1150
2011-02-03,1301.7150
2011-02-04,1306.3350
2011-02-07,1317.3500
2011-02-08,1320.4500
2011-02-09,1319.7150
2011-02-10,1317.2600
2011-02-11,1323.4350
2011-02-14,1329.9300
2011-02-15,1327.5200
2011-02-16,1333.5600
2011-02-17,1336.2500
2011-02-18,1341.0950
2011-02-22,1325.6200
2011-02-23,1308.7300
2011-02-24,1302.5850
2011-02-25,1313.9750
2011-02-28,1324.9650
2011-03-01,1319.1150
2011-03-02,1308.3850
2011-03-03,1322.3250
2011-03-04,1321.8350
2011-03-07,1315.8350
2011-03-08,1316.3000
2011-03-09,1317.7400
2011-03-10,1304.9650
2011-03-11,1300.1700
2011-03-14,1293.7800
2011-03-15,1274.7900
2011-03-16,1264.9800
2011-03-17,1270.2450
2011-03-18,1282.5300
2011-03-21,1291.1150
2011-03-22,1296.0250
2011-03-23,1292.2800
2011-03-24,1304.5400
2011-03-25,1314.6650
2011-03-28,1314.9650
2011-03-29,1312.3550
2011-03-30,1326.8150
2011-03-31,1327.4000
2011-04-01,1333.3700
2011-04-04,1332.9200
2011-04-05,1334.1200
2011-04-06,1335.2350
2011-04-07,1332.6800
2011-04-08,1331.2000
2011-04-11,1327.4150
2011-04-12,1315.7350
2011-04-13,1315.2700
2011-04-14,1309.6050
2011-04-15,1318.2800
2011-04-18,1304.0250
2011-04-19,1308.3350
2011-04-20,1325.8900
2011-04-21,1335.1600
2011-04-25,1334.5100
2011-04-26,1343.1500
2011-04-27,1350.8700
2011-04-28,1357.6550
2011-04-29,1361.6250
2011-05-02,1364.5850
2011-05-03,1355.1800
2011-05-04,1348.7000
2011-05-05,1338.5850
2011-05-06,1344.9700
2011-05-09,1344.0400
2011-05-10,1353.8900
2011-05-11,1345.4350
2011-05-12,1341.5400
2011-05-13,1341.9150
2011-05-16,1335.3250
2011-05-17,1324.4650
2011-05-18,1334.2050
2011-05-19,1341.5900
2011-05-20,1336.3350
2011-05-23,1322.9750
2011-05-24,1318.7950
2011-05-25,1318.8300
2011-05-26,1321.4600
2011-05-27,1330.1550
2011-05-31,1338.1500
2011-06-01,1329.4550
2011-06-02,1311.8200
2011-06-03,1305.4200
2011-06-06,1292.4900
2011-06-07,1290.4800
2011-06-08,1282.2300
2011-06-09,1287.0850
2011-06-10,1278.4400
2011-06-13,1271.3400
2011-06-14,1282.3600
2011-06-15,1274.8850
2011-06-16,1266.0900
2011-06-17,1273.6100
2011-06-20,1273.9900
2011-06-21,1288.0100
2011-06-22,1292.7000
2011-06-23,1274.7350
2011-06-24,1275.5850
2011-06-27,1276.2200
2011-06-28,1288.5050
2011-06-29,1303.0300
2011-06-30,1314.8050
2011-07-01,1329.5950
2011-07-05,1337.5950
2011-07-06,1335.9300
2011-07-07,1348.0500
2011-07-08,1343.0500
2011-07-11,1329.8650
2011-07-12,1320.2500
2011-07-13,1322.9650
2011-07-14,1316.6950
2011-07-15,1312.6100
2011-07-18,1305.9300
2011-07-19,1317.6050
2011-07-20,1327.0400
2011-07-21,1336.3250
2011-07-22,1341.5250
2011-07-25,1337.7050
2011-07-26,1334.0500
2011-07-27,1317.7000
2011-07-28,1307.7400
2011-07-29,1293.5100
2011-08-01,1291.0550
2011-08-02,1270.2950
2011-08-03,1247.8800
2011-08-04,1229.8850
2011-08-05,1193.1000
2011-08-08,1158.8800
2011-08-09,1137.2100
2011-08-10,1144.8900
2011-08-11,1153.7950
2011-08-12,1179.8900
2011-08-15,1191.6750
2011-08-16,1192.3750
2011-08-17,1196.4150
2011-08-18,1160.3250
2011-08-19,1138.2950
2011-08-22,1133.2900
2011-08-23,1142.6300
2011-08-24,1167.4300
2011-08-25,1173.0750
2011-08-26,1158.5700
2011-08-29,1194.0950
2011-08-30,1207.9350
2011-08-31,1220.0300
2011-09-01,1216.5700
2011-09-02,1187.2300
2011-09-06,1157.0500
2011-09-07,1182.2350
2011-09-08,1193.8700
2011-09-09,1166.8700
2011-09-12,1149.2950
2011-09-13,1166.9250
2011-09-14,1182.5550
2011-09-15,1199.2750
2011-09-16,1212.2600
2011-09-19,1201.6750
2011-09-20,1210.8400
2011-09-21,1186.2550
2011-09-22,1139.3850
2011-09-23,1131.5400
2011-09-26,1147.6300
2011-09-27,1179.5900
2011-09-28,1167.5550
2011-09-29,1157.9000
2011-09-30,1145.6350
2011-10-03,1118.9550
2011-10-04,1099.9450
2011-10-05,1130.8750
2011-10-06,1150.2500
2011-10-07,1160.8300
2011-10-10,1176.5300
2011-10-11,1193.2700
2011-10-12,1208.2200
2011-10-13,1199.0200
2011-10-14,1215.1300
2011-10-17,1211.5100
2011-10-18,1212.2900
2011-10-19,1217.9750
2011-10-20,1208.4350
2011-10-21,1227.2100
2011-10-24,1247.6350
2011-10-25,1240.4900
2011-10-26,1233.6700
2011-10-27,1268.3150
2011-10-28,1282.0450
2011-10-31,1269.0600
2011-11-01,1233.2100
2011-11-02,1231.0500
2011-11-03,1249.0100
2011-11-04,1249.8700
2011-11-07,1251.2250
2011-11-08,1266.2700
2011-11-09,1250.9100
2011-11-10,1236.9600
2011-11-11,1253.5500
2011-11-14,1255.2650
2011-11-15,1254.2950
2011-11-16,1247.6400
2011-11-17,1223.5800
2011-11-18,1217.4350
2011-11-21,1199.3900
2011-11-22,1189.2300
2011-11-23,1174.6350
2011-11-25,1165.6600
2011-11-28,1178.0100
2011-11-29,1197.7350
2011-11-30,1221.9150
2011-12-01,1245.4100
2011-12-02,1251.7150
2011-12-05,1255.5300
2011-12-06,1259.5300
2011-12-07,1255.9300
2011-12-08,1246.1700
2011-12-09,1246.3650
2011-12-12,1241.1500
2011-12-13,1234.6450
2011-12-14,1217.6000
2011-12-15,1218.8600
2011-12-16,1223.1200
2011-12-19,1213.4700
2011-12-20,1224.2700
2011-12-21,1237.3000
2011-12-22,1249.4700
2011-12-23,1259.7100
2011-12-27,1265.8350
2011-12-28,1257.2450
2011-12-29,1256.6450
2011-12-30,1260.7900
2012-01-03,1271.7400
2012-01-04,1273.4150
2012-01-05,1274.1550
2012-01-06,1277.5900
2012-01-09,1278.2700
2012-01-10,1288.6150
2012-01-11,1289.6050
2012-01-12,1291.2950
2012-01-13,1286.2000
2012-01-17,1296.6100
2012-01-18,1299.5500
2012-01-19,1311.7800
2012-01-20,1312.2750
2012-01-23,1316.0850
2012-01-24,1311.0100
2012-01-25,1317.9750
2012-01-26,1323.5350
2012-01-27,1315.8900
2012-01-30,1308.3250
2012-01-31,1314.0500
2012-02-01,1321.4850
2012-02-02,1325.3800
2012-02-03,1335.7750
2012-02-06,1340.9400
2012-02-07,1342.5800
2012-02-08,1346.4750
2012-02-09,1349.4750
2012-02-10,1344.2800
2012-02-13,1348.2050
2012-02-14,1346.0650
2012-02-15,1348.3350
2012-02-16,1350.1200
2012-02-17,1360.3200
2012-02-21,1362.9350
2012-02-22,1359.1150
2012-02-23,1358.2600
2012-02-24,1366.1900
2012-02-27,1363.4300
2012-02-28,1369.5300
2012-02-29,1370.9250
2012-03-01,1371.0350
2012-03-02,1370.4750
2012-03-05,1364.3600
2012-03-06,1351.8300
2012-03-07,1349.1200
2012-03-08,1360.6850
2012-03-09,1370.3650
2012-03-12,1369.8650
2012-03-13,1384.0250
2012-03-14,1394.6950
2012-03-15,1397.7050
2012-03-16,1403.6750
2012-03-19,1408.2150
2012-03-20,1403.6350
2012-03-21,1404.1950
2012-03-22,1395.8100
2012-03-23,1393.0250
2012-03-26,1406.8450
2012-03-27,1415.5500
2012-03-28,1405.4250
2012-03-29,1398.4750
2012-03-30,1406.1550
2012-04-02,1413.4200
2012-04-03,1411.8100
2012-04-04,1403.5900
2012-04-05,1397.2600
2012-04-09,1387.8450
2012-04-10,1370.1950
2012-04-11,1366.8450
2012-04-12,1378.4500
2012-04-13,1378.7300
2012-04-16,1372.5200
2012-04-17,1381.1650
2012-04-18,1387.0350
2012-04-19,1380.3800
2012-04-20,1382.1800
2012-04-23,1368.6600
2012-04-24,1371.1950
2012-04-25,1381.7400
2012-04-26,1394.6850
2012-04-27,1401.9750
2012-04-30,1398.6300
2012-05-01,1405.5250
2012-05-02,1399.7100
2012-05-03,1395.8900
2012-05-04,1379.7350
2012-05-07,1368.9250
2012-05-08,1358.4550
2012-05-09,1353.4300
2012-05-10,1360.2300
2012-05-11,1357.2750
2012-05-14,1344.2700
2012-05-15,1336.6750
2012-05-16,1333.2850
2012-05-17,1315.6100
2012-05-18,1302.1100
2012-05-21,1306.0600
2012-05-22,1319.2650
2012-05-23,1308.6200
2012-05-24,1317.3200
2012-05-25,1319.2150
2012-05-29,1326.9150
2012-05-30,1321.0050
2012-05-31,1309.3200
2012-06-01,1293.5600
2012-06-04,1274.6450
2012-06-05,1280.8900
2012-06-06,1300.3700
2012-06-07,1320.8650
2012-06-08,1316.7900
2012-06-11,1321.6250
2012-06-12,1315.4650
2012-06-13,1318.8950
2012-06-14,1323.9100
2012-06-15,1336.2550
2012-06-18,1341.3400
2012-06-19,1354.1450
2012-06-20,1354.0100
2012-06-21,1341.3400
2012-06-22,1331.8700
2012-06-25,1322.0850
2012-06-26,1317.2700
2012-06-27,1327.5550
2012-06-28,1322.4050
2012-06-29,1346.1450
2012-07-02,1361.0250
2012-07-03,1369.1700
2012-07-05,1368.4350
2012-07-06,1357.5600
2012-07-09,1350.7600
2012-07-10,1347.6600
2012-07-11,1339.1250
2012-07-12,1333.3500
2012-07-13,1346.2550
2012-07-16,1352.8850
2012-07-17,1355.2150
2012-07-18,1367.1100
2012-07-19,1375.8000
2012-07-20,1369.3500
2012-07-23,1349.9500
2012-07-24,1340.3850
2012-07-25,1337.7400
2012-07-26,1350.6500
2012-07-27,1374.6200
2012-07-30,1386.5550
2012-07-31,1383.1650
2012-08-01,1379.1900
2012-08-02,1364.8900
2012-08-03,1379.8050
2012-08-06,1395.3350
2012-08-07,1400.8000
2012-08-08,1400.1350
2012-08-09,1402.3750
2012-08-10,1400.8000
2012-08-13,1401.5950
2012-08-14,1405.3150
2012-08-15,1404.7800
2012-08-16,1410.7950
2012-08-17,1416.6900
2012-08-20,1415.1250
2012-08-21,1418.7700
2012-08-22,1411.4500
2012-08-23,1406.9950
2012-08-24,1405.7500
2012-08-27,1412.6400
2012-08-28,1409.6100
2012-08-29,1410.2600
2012-08-30,1403.5450
2012-08-31,1406.0250
2012-09-04,1402.9350
2012-09-05,1405.0300
2012-09-06,1417.9300
2012-09-07,1434.6850
2012-09-10,1433.8600
2012-09-11,1433.4450
2012-09-12,1436.0700
2012-09-13,1449.5500
2012-09-14,1467.2900
2012-09-17,1461.5900
2012-09-18,1458.8000
2012-09-19,1461.5150
2012-09-20,1455.6050
2012-09-21,1463.2900
2012-09-24,1456.3900
2012-09-25,1452.4150
2012-09-26,1436.0650
2012-09-27,1441.7800
2012-09-28,1441.3650
2012-10-01,1449.0200
2012-10-02,1445.2650
2012-10-03,1448.1450
2012-10-04,1457.1100
2012-10-05,1463.9250
2012-10-08,1457.0150
2012-10-09,1448.5400
2012-10-10,1436.5800
2012-10-11,1438.3600
2012-10-12,1431.9800
2012-10-15,1434.2750
2012-10-16,1447.9100
2012-10-17,1457.7750
2012-10-18,1458.3250
2012-10-19,1443.5950
2012-10-22,1428.7600
2012-10-23,1420.6500
2012-10-24,1413.5700
2012-10-25,1413.1300
2012-10-26,1410.1850
2012-10-31,1412.3550
2012-11-01,1420.2750
2012-11-02,1423.5900
2012-11-05,1414.0150
2012-11-06,1425.3200
2012-11-07,1408.2050
2012-11-08,1389.3700
2012-11-09,1382.2100
2012-11-12,1380.0300
2012-11-13,1380.1000
2012-11-14,1366.3150
2012-11-15,1354.3350
2012-11-16,1352.6900
2012-11-19,1373.3850
2012-11-20,1383.4050
2012-11-21,1388.8200
2012-11-23,1400.0950
2012-11-26,1403.4150
2012-11-27,1403.5200
2012-11-28,1397.8700
2012-11-29,1414.3700
2012-11-30,1415.2450
2012-12-03,1416.0950
2012-12-04,1408.3950
2012-12-05,1406.8950
2012-12-06,1409.9400
2012-12-07,1415.6200
2012-12-10,1418.6400
2012-12-11,1426.4100
2012-12-12,1432.6750
2012-12-13,1423.6800
2012-12-14,1415.6650
2012-12-17,1422.1050
2012-12-18,1439.2350
2012-12-19,1441.7750
2012-12-20,1438.2600
2012-12-21,1433.1250
2012-12-24,1427.4050
2012-12-26,1422.9250
2012-12-27,1412.3000
2012-12-28,1409.8400
2012-12-31,1412.4250
2013-01-02,1444.3100
2013-01-03,1460.5000
2013-01-04,1463.4650
2013-01-07,1461.5450
2013-01-08,1456.7650
2013-01-09,1460.9400
2013-01-10,1466.6600
2013-01-11,1470.1650
2013-01-14,1468.8700
2013-01-15,1468.5350
2013-01-16,1470.7800
2013-01-17,1478.8950
2013-01-18,1480.8950
2013-01-22,1486.8600
2013-01-23,1493.0150
2013-01-24,1495.8650
2013-01-25,1499.0400
2013-01-28,1499.7800
2013-01-29,1503.7200
2013-01-30,1505.0250
2013-01-31,1500.4750
2013-02-01,1506.2600
2013-02-04,1504.0950
2013-02-05,1505.3350
2013-02-06,1508.6200
2013-02-07,1505.6950
2013-02-08,1513.8500
2013-02-11,1515.9600
2013-02-12,1518.9500
2013-02-13,1520.3100
2013-02-14,1518.5800
2013-02-15,1519.1900
2013-02-19,1525.3650
2013-02-20,1521.1750
2013-02-21,1504.6200
2013-02-22,1509.0300
2013-02-25,1506.8450
2013-02-26,1496.9400
2013-02-27,1507.4800
2013-02-28,1519.9000
2013-03-01,1510.7350
2013-03-04,1518.7800
2013-03-05,1534.3350
2013-03-06,1541.6800
2013-03-07,1543.6200
2013-03-08,1547.7100
2013-03-11,1551.8150
2013-03-12,1552.5050
2013-03-13,1552.3200
2013-03-14,1558.9200
2013-03-15,1559.6800
2013-03-18,1552.9150
2013-03-19,1547.9100
2013-03-20,1554.9500
2013-03-21,1551.1300
2013-03-22,1551.8200
2013-03-25,1555.5650
2013-03-26,1557.8200
2013-03-27,1557.9850
2013-03-28,1565.6800
2013-04-01,1564.5200
2013-04-02,1567.9150
2013-04-03,1560.6350
2013-04-04,1557.5600
2013-04-05,1549.7400
2013-04-08,1555.8500
2013-04-09,1567.4050
2013-04-10,1578.8400
2013-04-11,1591.7600
2013-04-12,1586.6350
2013-04-15,1570.5600
2013-04-16,1563.8550
2013-04-17,1559.1300
2013-04-18,1545.2050
2013-04-19,1547.6450
2013-04-22,1556.8700
2013-04-23,1571.0400
2013-04-24,1579.4000
2013-04-25,1585.7850
2013-04-26,1581.6700
2013-04-29,1589.4950
2013-04-30,1592.0350
2013-05-01,1589.4150
2013-05-02,1590.6850
2013-05-03,1608.0300
2013-05-06,1616.9900
2013-05-07,1621.3350
2013-05-08,1627.7400
2013-05-09,1629.0500
2013-05-10,1628.7050
2013-05-13,1631.3700
2013-05-14,1642.4250
2013-05-15,1654.0850
2013-05-16,1654.5550
2013-05-17,1659.9600
2013-05-20,1668.1800
2013-05-21,1668.8000
2013-05-22,1668.0200
2013-05-23,1645.5150
2013-05-24,1643.3300
2013-05-28,1663.4200
2013-05-29,1648.3100
2013-05-30,1655.2600
2013-05-31,1644.8650
2013-06-03,1631.5700
2013-06-04,1635.0750
2013-06-05,1618.2000
2013-06-06,1610.3950
2013-06-07,1634.8350
2013-06-10,1643.9750
2013-06-11,1631.5250
2013-06-12,1624.3150
2013-06-13,1623.6600
2013-06-14,1632.3800
2013-06-17,1638.4200
2013-06-18,1646.9800
2013-06-19,1640.6800
2013-06-20,1604.4700
2013-06-21,1588.4450
2013-06-24,1574.5500
2013-06-25,1585.4400
2013-06-26,1599.5500
2013-06-27,1613.2550
2013-06-28,1608.5000
2013-07-01,1618.1950
2013-07-02,1615.5150
2013-07-03,1611.7700
2013-07-05,1623.3900
2013-07-08,1639.4400
2013-07-09,1648.5350
2013-07-10,1652.7900
2013-07-11,1667.0200
2013-07-12,1676.2600
2013-07-15,1681.2000
2013-07-16,1677.7850
2013-07-17,1681.3300
2013-07-18,1687.0850
2013-07-19,1688.0850
2013-07-22,1694.1400
2013-07-23,1694.9550
2013-07-24,1690.4750
2013-07-25,1685.5050
2013-07-26,1683.9400
2013-07-29,1686.3900
2013-07-30,1687.8050
2013-07-31,1691.6850
2013-08-01,1698.6350
2013-08-02,1705.1750
2013-08-05,1706.3950
2013-08-06,1699.5400
2013-08-07,1690.1050
2013-08-08,1694.2800
2013-08-09,1692.7200
2013-08-12,1687.4200
2013-08-13,1689.7150
2013-08-14,1690.1750
2013-08-15,1669.1000
2013-08-16,1658.1050
2013-08-19,1652.5100
2013-08-20,1652.5000
2013-08-21,1648.2100
2013-08-22,1652.2900
2013-08-23,1659.8300
2013-08-26,1662.7650
2013-08-27,1640.7950
2013-08-28,1634.3250
2013-08-29,1638.6450
2013-08-30,1634.0650
2013-09-03,1642.3800
2013-09-04,1646.5650
2013-09-05,1656.1200
2013-09-06,1652.7250
2013-09-09,1664.6250
2013-09-10,1679.2050
2013-09-11,1683.9150
2013-09-12,1685.9650
2013-09-13,1685.4750
2013-09-16,1698.3250
2013-09-17,1701.6250
2013-09-18,1714.8950
2013-09-19,1725.0300
2013-09-20,1717.0600
2013-09-23,1704.2700
2013-09-24,1701.2650
2013-09-25,1696.7950
2013-09-26,1698.4800
2013-09-27,1691.3150
2013-09-30,1681.1250
2013-10-01,1689.3100
2013-10-02,1687.1050
2013-10-03,1681.3550
2013-10-04,1684.6350
2013-10-07,1680.9250
2013-10-08,1665.9100
2013-10-09,1654.4700
2013-10-10,1676.7200
2013-10-11,1695.9800
2013-10-14,1701.5800
2013-10-15,1703.7500
2013-10-16,1711.1250
2013-10-17,1723.7850
2013-10-18,1740.5250
2013-10-21,1744.2300
2013-10-22,1752.9050
2013-10-23,1746.3850
2013-10-24,1749.7200
2013-10-25,1756.1350
2013-10-28,1761.3300
2013-10-29,1767.5100
2013-10-30,1766.2300
2013-10-31,1762.1250
2013-11-01,1759.1850
2013-11-04,1765.1700
2013-11-05,1761.3950
2013-11-06,1769.0700
2013-11-07,1760.3700
2013-11-08,1759.2050
2013-11-11,1770.6450
2013-11-12,1767.0350
2013-11-13,1771.3200
2013-11-14,1785.8750
2013-11-15,1794.4400
2013-11-18,1795.1650
2013-11-19,1790.1150
2013-11-20,1786.4800
2013-11-21,1790.3400
2013-11-22,1799.7700
2013-11-25,1804.3400
2013-11-26,1804.5950
2013-11-27,1805.5200
2013-11-29,1808.7650
2013-12-02,1804.3100
2013-12-03,1793.9750
2013-12-04,1789.4450
2013-12-05,1788.1000
2013-12-06,1797.2000
2013-12-09,1808.8650
2013-12-10,1805.1350
2013-12-11,1791.5300
2013-12-12,1777.6350
2013-12-13,1776.6850
2013-12-16,1784.8500
2013-12-17,1781.9100
2013-12-18,1789.5350
2013-12-19,1806.1150
2013-12-20,1817.0000
2013-12-23,1826.3350
2013-12-24,1830.6700
2013-12-26,1838.9000
2013-12-27,1842.3500
2013-12-30,1840.6200
2013-12-31,1845.9250
2014-01-02,1836.8000
2014-01-03,1833.6850
2014-01-06,1830.4450
2014-01-07,1834.4050
2014-01-08,1835.7100
2014-01-09,1836.8050
2014-01-10,1837.7900
2014-01-13,1829.4850
2014-01-14,1830.3100
2014-01-15,1845.6800
2014-01-16,1844.1450
2014-01-17,1840.6350
2014-01-21,1840.8450
2014-01-22,1843.8750
2014-01-23,1831.1750
2014-01-24,1808.6250
2014-01-27,1784.4300
2014-01-28,1786.6800
2014-01-29,1780.3000
2014-01-30,1787.9700
2014-01-31,1783.0700
2014-02-03,1762.2450
2014-02-04,1751.2750
2014-02-05,1746.8550
2014-02-06,1763.5250
2014-02-07,1787.0200
2014-02-10,1795.8850
2014-02-11,1811.9750
2014-02-12,1821.2600
2014-02-13,1819.7350
2014-02-14,1833.6200
2014-02-18,1838.9400
2014-02-19,1837.2450
2014-02-20,1833.6850
2014-02-21,1840.8650
2014-02-24,1847.7450
2014-02-25,1846.5500
2014-02-26,1846.6550
2014-02-27,1847.8300
2014-02-28,1857.7950
2014-03-03,1846.0600
2014-03-04,1862.7300
2014-03-05,1873.8200
2014-03-06,1878.0600
2014-03-07,1877.0650
2014-03-10,1872.4550
2014-03-11,1873.1150
2014-03-12,1861.3800
2014-03-13,1858.1300
2014-03-14,1846.0050
2014-03-17,1852.5550
2014-03-18,1866.3400
2014-03-19,1862.2450
2014-03-20,1864.0600
2014-03-21,1873.7150
2014-03-24,1861.5150
2014-03-25,1863.9150
2014-03-26,1864.2400
2014-03-27,1848.8300
2014-03-28,1858.3500
2014-03-31,1867.1700
2014-04-01,1879.9000
2014-04-02,1888.4800
2014-04-03,1888.2250
2014-04-04,1880.2700
2014-04-07,1852.7600
2014-04-08,1846.2200
2014-04-09,1862.4050
2014-04-10,1851.7000
2014-04-11,1824.7150
2014-04-14,1824.9950
2014-04-15,1830.1550
2014-04-16,1854.1600
2014-04-17,1863.1750
2014-04-21,1867.5350
2014-04-22,1878.7300
2014-04-23,1876.8300
2014-04-24,1877.1500
2014-04-25,1868.7100
2014-04-28,1863.8100
2014-04-29,1875.6900
2014-04-30,1878.9450
2014-05-01,1883.3150
2014-05-02,1884.9150
2014-05-05,1876.1400
2014-05-06,1875.7050
2014-05-07,1869.3100
2014-05-08,1879.5600
2014-05-09,1872.7950
2014-05-12,1888.5800
2014-05-13,1899.1150
2014-05-14,1891.4500
2014-05-15,1875.2600
2014-05-16,1871.5500
2014-05-19,1879.2100
2014-05-20,1876.5100
2014-05-21,1881.0700
2014-05-22,1890.8600
2014-05-23,1897.2900
2014-05-27,1907.1450
2014-05-28,1910.8800
2014-05-29,1914.9250
2014-05-30,1920.3350
2014-06-02,1920.9300
2014-06-03,1921.9300
2014-06-04,1923.6150
2014-06-05,1932.3350
2014-06-06,1945.9250
2014-06-09,1951.3550
2014-06-10,1947.7500
2014-06-11,1944.7250
2014-06-12,1934.5650
2014-06-13,1932.4950
2014-06-16,1936.0300
2014-06-17,1938.6200
2014-06-18,1948.5150
2014-06-19,1956.0650
2014-06-20,1961.5400
2014-06-23,1961.3150
2014-06-24,1958.2550
2014-06-25,1954.1600
2014-06-26,1952.2900
2014-06-27,1956.8250
2014-06-30,1961.2300
2014-07-01,1970.4350
2014-07-02,1974.6250
2014-07-03,1980.7350
2014-07-07,1979.5500
2014-07-08,1967.9250
2014-07-09,1969.6250
2014-07-10,1961.3500
2014-07-11,1964.1500
2014-07-14,1974.8550
2014-07-15,1973.9300
2014-07-16,1979.8050
2014-07-17,1968.6950
2014-07-18,1970.3650
2014-07-21,1971.3500
2014-07-22,1980.9450
2014-07-23,1985.8350
2014-07-24,1988.5900
2014-07-25,1979.4850
2014-07-28,1974.4150
2014-07-29,1977.4000
2014-07-30,1970.6600
2014-07-31,1947.9050
2014-08-01,1926.8600
2014-08-04,1932.0600
2014-08-05,1925.0550
2014-08-06,1919.6800
2014-08-07,1916.8350
2014-08-08,1920.6950
2014-08-11,1939.1650
2014-08-12,1933.9700
2014-08-13,1942.0050
2014-08-14,1951.3200
2014-08-15,1952.7700
2014-08-18,1965.1750
2014-08-19,1977.6500
2014-08-20,1983.1250
2014-08-21,1990.7900
2014-08-22,1989.1500
2014-08-25,1996.8450
2014-08-26,2001.8150
2014-08-27,1999.1700
2014-08-28,1994.5350
2014-08-29,1999.0150
2014-09-02,2000.4850
2014-09-03,2003.7100
2014-09-04,2001.8550
2014-09-05,1998.9050
2014-09-08,2001.3850
2014-09-09,1992.8100
2014-09-10,1989.8250
2014-09-11,1991.7900
2014-09-12,1988.5000
2014-09-15,1982.8300
2014-09-16,1990.6700
2014-09-17,2002.0150
2014-09-18,2007.7050
2014-09-19,2012.9250
2014-09-22,2000.0450
2014-09-23,1989.0900
2014-09-24,1989.2100
2014-09-25,1981.6550
2014-09-26,1976.2950
2014-09-29,1972.6600
2014-09-30,1977.0650
2014-10-01,1956.5800
2014-10-02,1939.1750
2014-10-03,1959.6550
2014-10-06,1968.1350
2014-10-07,1948.6150
2014-10-08,1947.8050
2014-10-09,1947.6200
2014-10-10,1921.5150
2014-10-13,1893.1150
2014-10-14,1885.2500
2014-10-15,1847.4200
2014-10-16,1855.5150
2014-10-17,1881.5350
2014-10-20,1893.6650
2014-10-21,1925.9150
2014-10-22,1938.0700
2014-10-23,1946.4850
2014-10-24,1955.7700
2014-10-27,1958.0050
2014-10-28,1974.5950
2014-10-29,1980.2200
2014-10-30,1987.0750
2014-10-31,2009.6950
2014-11-03,2019.0700
2014-11-04,2008.4950
2014-11-05,2019.0950
2014-11-06,2023.7350
2014-11-07,2029.6650
2014-11-10,2034.4350
2014-11-11,2038.2800
2014-11-12,2036.1400
2014-11-13,2038.3100
2014-11-14,2038.7100
2014-11-17,2038.7650
2014-11-18,2048.7800
2014-11-19,2046.2550
2014-11-20,2047.1650
2014-11-21,2064.1050
2014-11-24,2067.6200
2014-11-25,2069.4800
2014-11-26,2069.9550
2014-11-28,2070.4100
2014-12-01,2057.6750
2014-12-02,2061.2700
2014-12-03,2071.4650
2014-12-04,2069.8400
2014-12-05,2075.1400
2014-12-08,2065.0250
2014-12-09,2047.3850
2014-12-10,2041.5600
2014-12-11,2041.7250
2014-12-12,2017.2900
2014-12-15,2000.4750
2014-12-16,1994.7250
2014-12-17,1995.2600
2014-12-18,2040.1050
2014-12-19,2069.4400
2014-12-22,2074.0200
2014-12-23,2083.2500
2014-12-24,2084.7100
2014-12-26,2088.5000
2014-12-29,2089.6500
2014-12-30,2084.0100
2014-12-31,2071.7600
2015-01-02,2059.2000
2015-01-05,2035.8900
2015-01-06,2011.3450
2015-01-07,2017.5800
2015-01-08,2047.3450
2015-01-09,2051.3800
2015-01-12,2035.9400
2015-01-13,2032.5900
2015-01-14,2003.4200
2015-01-15,2006.4100
2015-01-16,2004.2900
2015-01-20,2016.7150
2015-01-21,2025.1650
2015-01-22,2045.5000
2015-01-23,2056.7600
2015-01-26,2049.2950
2015-01-27,2033.8850
2015-01-28,2021.9900
2015-01-29,2006.9100
2015-01-30,2008.3500
2015-02-02,2001.2800
2015-02-03,2036.5050
2015-02-04,2045.7300
2015-02-05,2053.5000
2015-02-06,2061.1850
2015-02-09,2049.0200
2015-02-10,2059.7400
2015-02-11,2065.7350
2015-02-12,2079.2550
2015-02-13,2091.8650
2015-02-17,2095.5500
2015-02-18,2096.1900
2015-02-19,2096.4600
2015-02-20,2098.0250
2015-02-23,2106.5250
2015-02-24,2111.9050
2015-02-25,2114.7400
2015-02-26,2108.8350
2015-02-27,2108.2450
2015-03-02,2111.0100
2015-03-03,2107.0100
2015-03-04,2097.6700
2015-03-05,2099.7350
2015-03-06,2084.0900
2015-03-09,2077.8500
2015-03-10,2060.1500
2015-03-11,2044.8850
2015-03-12,2053.7550
2015-03-13,2052.8650
2015-03-16,2068.3800
2015-03-17,2072.8350
2015-03-18,2084.0400
2015-03-19,2092.1250
2015-03-20,2102.1200
2015-03-23,2109.6400
2015-03-24,2099.5650
2015-03-25,2079.2400
2015-03-26,2056.3250
2015-03-27,2057.8950
2015-03-30,2076.5400
2015-03-31,2075.5450
2015-04-01,2058.0050
2015-04-02,2064.7450
2015-04-06,2071.7550
2015-04-07,2082.9550
2015-04-08,2079.9950
2015-04-09,2083.8000
2015-04-10,2097.0600
2015-04-13,2099.9900
2015-04-14,2090.9300
2015-04-15,2104.8650
2015-04-16,2105.6600
2015-04-17,2087.4750
2015-04-20,2094.0250
2015-04-21,2102.0100
2015-04-22,2100.5150
2015-04-23,2111.8400
2015-04-24,2116.8600
2015-04-27,2116.4800
2015-04-28,2105.4900
2015-04-29,2105.5300
2015-04-30,2091.5550
2015-05-01,2097.8950
2015-05-04,2115.5900
2015-05-05,2101.8500
2015-05-06,2083.1750
2015-05-07,2083.9450
2015-05-08,2104.8950
2015-05-11,2111.1350
2015-05-12,2095.3150
2015-05-13,2103.1150
2015-05-14,2110.9400
2015-05-15,2120.3400
2015-05-18,2125.8950
2015-05-19,2128.7600
2015-05-20,2128.6550
2015-05-21,2128.6150
2015-05-22,2129.1050
2015-05-26,2112.2600
2015-05-27,2115.6750
2015-05-28,2117.5650
2015-05-29,2112.7750
2015-06-01,2110.8450
2015-06-02,2108.3650
2015-06-03,2115.7650
2015-06-04,2103.0600
2015-06-05,2093.3300
2015-06-08,2086.0600
2015-06-09,2078.8800
2015-06-10,2094.8100
2015-06-11,2110.6300
2015-06-12,2099.3800
2015-06-15,2081.9150
2015-06-16,2089.7500
2015-06-17,2097.8250
2015-06-18,2114.1150
2015-06-19,2115.5450
2015-06-22,2121.1850
2015-06-23,2123.9600
2015-06-24,2116.8400
2015-06-25,2108.9100
2015-06-26,2102.1500
2015-06-29,2077.6350
2015-06-30,2065.3000
2015-07-01,2074.8900
2015-07-02,2078.0400
2015-07-06,2068.5050
2015-07-07,2063.8800
2015-07-08,2061.1600
2015-07-09,2062.0050
2015-07-10,2067.0250
2015-07-13,2090.3500
2015-07-14,2105.0800
2015-07-15,2108.3150
2015-07-16,2117.4850
2015-07-17,2124.3950
2015-07-20,2128.2350
2015-07-21,2121.9450
2015-07-22,2114.2550
2015-07-23,2107.7500
2015-07-24,2091.5500
2015-07-27,2070.8550
2015-07-28,2082.3450
2015-07-29,2102.3400
2015-07-30,2102.7250
2015-07-31,2108.1550
2015-08-03,2096.5050
2015-08-04,2095.5550
2015-08-05,2103.9650
2015-08-06,2089.4250
2015-08-07,2075.2600
2015-08-10,2093.1650
2015-08-11,2089.5750
2015-08-12,2070.5750
2015-08-13,2085.5950
2015-08-14,2086.5300
2015-08-17,2091.0850
2015-08-18,2098.8050
2015-08-19,2083.3500
2015-08-20,2056.1700
2015-08-21,2002.4850
2015-08-24,1916.0800
2015-08-25,1907.5600
2015-08-26,1907.9200
2015-08-27,1966.1850
2015-08-28,1984.3350
2015-08-31,1976.3550
2015-09-01,1936.5800
2015-09-02,1932.7150
2015-09-03,1959.8650
2015-09-04,1929.4850
2015-09-08,1948.8600
2015-09-09,1963.2550
2015-09-10,1951.2400
2015-09-11,1950.1200
2015-09-14,1955.6650
2015-09-15,1968.7450
2015-09-16,1987.5950
2015-09-17,2003.7950
2015-09-18,1971.5550
2015-09-21,1967.7200
2015-09-22,1945.3050
2015-09-23,1941.0450
2015-09-24,1923.0450
2015-09-25,1937.1950
2015-09-28,1904.1950
2015-09-29,1885.6950
2015-09-30,1903.8350
2015-10-01,1913.9550
2015-10-02,1922.5300
2015-10-05,1971.7500
2015-10-06,1981.8050
2015-10-07,1987.8750
2015-10-08,2002.0150
2015-10-09,2013.8700
2015-10-12,2014.6050
2015-10-13,2012.0600
2015-10-14,2000.1450
2015-10-15,2010.3100
2015-10-16,2027.0000
2015-10-19,2028.3800
2015-10-20,2032.8650
2015-10-21,2027.5950
2015-10-22,2038.5400
2015-10-23,2068.9650
2015-10-26,2070.8350
2015-10-27,2064.6050
2015-10-28,2076.7300
2015-10-29,2087.5750
2015-10-30,2086.8300
2015-11-02,2093.4800
2015-11-03,2106.9950
2015-11-04,2105.7850
2015-11-05,2099.5950
2015-11-06,2092.8250
2015-11-09,2081.4350
2015-11-10,2076.7900
2015-11-11,2080.8950
2015-11-12,2058.9750
2015-11-13,2033.3650
2015-11-16,2036.3050
2015-11-17,2056.2950
2015-11-18,2069.0800
2015-11-19,2082.7500
2015-11-20,2089.9400
2015-11-23,2088.5000
2015-11-24,2082.2050
2015-11-25,2089.6500
2015-11-27,2088.7100
2015-11-30,2087.1100
2015-12-01,2093.1500
2015-12-02,2090.6900
2015-12-03,2063.6750
2015-12-04,2073.1350
2015-12-07,2078.6000
2015-12-08,2063.0850
2015-12-09,2058.4300
2015-12-10,2056.6600
2015-12-11,2028.0350
2015-12-14,2008.0900
2015-12-15,2040.7600
2015-12-16,2059.5750
2015-12-17,2059.0150
2015-12-18,2022.5400
2015-12-21,2014.4150
2015-12-22,2031.6150
2015-12-23,2053.4650
2015-12-24,2063.0450
2015-12-28,2050.9850
2015-12-29,2071.0500
2015-12-30,2069.6550
2015-12-31,2053.0800
2016-01-04,2013.9400
2016-01-05,2013.0550
2016-01-06,1993.8500
2016-01-07,1960.6450
2016-01-08,1939.4300
2016-01-11,1918.3900
2016-01-12,1930.8650
2016-01-13,1918.3700
2016-01-14,1906.7000
2016-01-15,1887.2550
2016-01-19,1883.0200
2016-01-20,1844.2200
2016-01-21,1869.4150
2016-01-22,1893.1250
2016-01-25,1891.1250
2016-01-26,1892.7600
2016-01-27,1894.8450
2016-01-28,1888.3050
2016-01-29,1917.1200
2016-02-01,1933.7500
2016-02-02,1916.2750
2016-02-03,1895.1200
2016-02-04,1913.9350
2016-02-05,1892.8600
2016-02-08,1850.8550
2016-02-09,1851.5950
2016-02-10,1865.9600
2016-02-11,1828.5500
2016-02-12,1849.0900
2016-02-16,1883.6050
2016-02-17,1914.7400
2016-02-18,1922.5450
2016-02-19,1910.4750
2016-02-22,1935.5700
2016-02-23,1930.9100
2016-02-24,1911.5400
2016-02-25,1938.6200
2016-02-26,1954.3700
2016-02-29,1945.0400
2016-03-01,1957.7200
2016-03-02,1977.6550
2016-03-03,1985.5300
2016-03-04,1997.9500
2016-03-07,1997.7500
2016-03-08,1987.1550
2016-03-09,1986.2650
2016-03-10,1987.1650
2016-03-11,2008.5400
2016-03-14,2018.3100
2016-03-15,2010.5850
2016-03-16,2021.0300
2016-03-17,2034.2000
2016-03-18,2046.7600
2016-03-21,2048.5250
2016-03-22,2048.5850
2016-03-23,2041.7050
2016-03-24,2029.2650
2016-03-28,2037.3150
2016-03-29,2042.1100
2016-03-30,2065.2400
2016-03-31,2062.6900
2016-04-01,2059.5250
2016-04-04,2068.2950
2016-04-05,2052.5300
2016-04-06,2055.2100
2016-04-07,2048.4050
2016-04-08,2051.1600
2016-04-11,2052.4050
2016-04-12,2052.3950
2016-04-13,2074.5500
2016-04-14,2082.9850
2016-04-15,2079.7650
2016-04-18,2084.1550
2016-04-19,2097.8650
2016-04-20,2103.6850
2016-04-21,2096.1500
2016-04-22,2087.7600
2016-04-25,2083.4450
2016-04-26,2091.3350
2016-04-27,2091.1000
2016-04-28,2085.4600
2016-04-29,2063.0650
2016-05-02,2074.7650
2016-05-03,2066.0350
2016-05-04,2052.9250
2016-05-05,2053.0000
2016-05-06,2048.5850
2016-05-09,2059.2300
2016-05-10,2073.7500
2016-05-11,2073.8750
2016-05-12,2063.5600
2016-05-13,2054.9600
2016-05-16,2059.2050
2016-05-17,2053.2550
2016-05-18,2047.5500
2016-05-19,2035.0600
2016-05-20,2050.1150
2016-05-23,2051.4200
2016-05-24,2066.1600
2016-05-25,2086.8300
2016-05-26,2090.6900
2016-05-27,2094.5600
2016-05-31,2096.0700
2016-06-01,2093.0350
2016-06-02,2096.9250
2016-06-03,2094.7150
2016-06-06,2107.0950
2016-06-07,2114.7000
2016-06-08,2116.6300
2016-06-09,2112.6850
2016-06-10,2099.7650
2016-06-13,2088.2900
2016-06-14,2072.7000
2016-06-15,2077.7250
2016-06-16,2064.9950
2016-06-17,2070.5200
2016-06-20,2088.1200
2016-06-21,2088.3400
2016-06-22,2092.0350
2016-06-23,2103.0600
2016-06-24,2068.1900
2016-06-27,2011.5650
2016-06-28,2021.3800
2016-06-29,2057.9100
2016-06-30,2084.4700
2016-07-01,2103.3050
2016-07-05,2087.9550
2016-07-06,2087.3700
2016-07-07,2099.2350
2016-07-08,2119.3400
2016-07-11,2137.4400
2016-07-12,2147.4500
2016-07-13,2151.3300
2016-07-14,2163.4350
2016-07-15,2162.4200
2016-07-18,2163.9900
2016-07-19,2161.8200
2016-07-20,2170.2600
2016-07-21,2167.1550
2016-07-22,2169.1750
2016-07-25,2167.8300
2016-07-26,2166.8600
2016-07-27,2167.0250
2016-07-28,2166.2950
2016-07-29,2170.2900
2016-08-01,2172.2500
2016-08-02,2158.8900
2016-08-03,2158.1750
2016-08-04,2163.6300
2016-08-05,2175.8300
2016-08-08,2181.6450
2016-08-09,2183.1350
2016-08-10,2177.7050
2016-08-11,2183.2100
2016-08-12,2182.8500
2016-08-15,2189.9450
2016-08-16,2182.1900
2016-08-17,2175.7900
2016-08-18,2183.7450
2016-08-19,2180.0650
2016-08-22,2180.5550
2016-08-23,2190.1100
2016-08-24,2178.9550
2016-08-25,2174.3700
2016-08-26,2174.1650
2016-08-29,2176.8350
2016-08-30,2176.3400
2016-08-31,2167.5700
2016-09-01,2165.3250
2016-09-02,2179.2300
2016-09-06,2180.8350
2016-09-07,2183.4700
2016-09-08,2181.2150
2016-09-09,2148.4450
2016-09-12,2141.2100
2016-09-13,2135.3700
2016-09-14,2130.6150
2016-09-15,2136.8350
2016-09-16,2138.8400
2016-09-19,2144.7600
2016-09-20,2144.9850
2016-09-21,2152.3400
2016-09-22,2175.4650
2016-09-23,2168.8600
2016-09-26,2151.7900
2016-09-27,2151.3400
2016-09-28,2162.0950
2016-09-29,2158.9350
2016-09-30,2165.9050
2016-10-03,2159.5900
2016-10-04,2154.7350
2016-10-05,2159.5500
2016-10-06,2156.6050
2016-10-07,2155.3550
2016-10-10,2164.9950
2016-10-11,2145.2000
2016-10-12,2139.0650
2016-10-13,2126.4550
2016-10-14,2141.0850
2016-10-17,2130.0200
2016-10-18,2139.9350
2016-10-19,2143.2950
2016-10-20,2140.3100
2016-10-21,2136.3600
2016-10-24,2150.8500
2016-10-25,2146.6850
2016-10-26,2138.6600
2016-10-27,2139.8250
2016-10-28,2130.0400
2016-10-31,2129.3900
2016-11-01,2114.6500
2016-11-02,2102.8800
2016-11-03,2093.8950
2016-11-04,2091.4300
2016-11-07,2116.2950
2016-11-08,2135.2150
2016-11-09,2147.7250
2016-11-10,2166.7350
2016-11-11,2159.2050
2016-11-14,2163.7200
2016-11-15,2173.6100
2016-11-16,2175.7100
2016-11-17,2182.3550
2016-11-18,2185.1350
2016-11-21,2192.5650
2016-11-22,2199.6550
2016-11-23,2199.6150
2016-11-25,2209.8100
2016-11-28,2205.7500
2016-11-29,2204.3050
2016-11-30,2206.4550
2016-12-01,2195.0200
2016-12-02,2193.1600
2016-12-05,2204.6950
2016-12-06,2207.4950
2016-12-07,2225.2800
2016-12-08,2244.6300
2016-12-09,2254.5150
2016-12-12,2258.2000
2016-12-13,2270.4250
2016-12-14,2262.3200
2016-12-15,2262.9450
2016-12-16,2261.1450
2016-12-19,2262.8400
2016-12-20,2269.3500
2016-12-21,2268.1900
2016-12-22,2259.6300
2016-12-23,2261.3150
2016-12-27,2269.9850
2016-12-28,2260.2100
2016-12-29,2249.5350
2016-12-30,2243.6000
2017-01-03,2254.5050
2017-01-04,2267.2100
2017-01-05,2265.9750
2017-01-06,2273.0800
2017-01-09,2272.1950
2017-01-10,2272.2700
2017-01-11,2268.0750
2017-01-12,2263.0150
2017-01-13,2275.0950
2017-01-17,2267.4450
2017-01-18,2267.6800
2017-01-19,2266.3700
2017-01-20,2270.9850
2017-01-23,2264.4000
2017-01-24,2275.6550
2017-01-25,2294.2150
2017-01-26,2297.5350
2017-01-27,2295.3200
2017-01-30,2277.0250
2017-01-31,2273.1500
2017-02-01,2280.7900
2017-02-02,2277.8100
2017-02-03,2293.0950
2017-02-06,2292.3750
2017-02-07,2294.7800
2017-02-08,2290.6450
2017-02-09,2303.8450
2017-02-10,2315.1650
2017-02-13,2326.5000
2017-02-14,2329.8750
2017-02-15,2343.0550
2017-02-16,2345.0900
2017-02-17,2345.3700
2017-02-21,2360.8100
2017-02-22,2361.7350
2017-02-23,2361.6750
2017-02-24,2360.1050
2017-02-27,2366.7050
2017-02-28,2363.3750
2017-03-01,2390.5550
2017-03-02,2387.4600
2017-03-03,2379.6400
2017-03-06,2373.3900
2017-03-07,2370.3150
2017-03-08,2367.0500
2017-03-09,2361.8100
2017-03-10,2369.9500
2017-03-13,2371.4700
2017-03-14,2363.3650
2017-03-15,2379.4750
2017-03-16,2382.6400
2017-03-17,2381.6750
2017-03-20,2374.6050
2017-03-21,2361.9150
2017-03-22,2344.1300
2017-03-23,2350.5250
2017-03-24,2345.9800
2017-03-27,2333.5750
2017-03-28,2350.7050
2017-03-29,2358.1500
2017-03-30,2364.5000
2017-03-31,2366.4750
2017-04-03,2355.3000
2017-04-04,2355.6250
2017-04-05,2364.4400
2017-04-06,2356.5300
2017-04-07,2357.2500
2017-04-10,2358.9350
2017-04-11,2346.2350
2017-04-12,2346.9500
2017-04-13,2338.6050
2017-04-17,2340.8250
2017-04-18,2341.4450
2017-04-19,2343.8400
2017-04-20,2351.1400
2017-04-21,2350.3450
2017-04-24,2373.0850
2017-04-25,2386.8150
2017-04-26,2392.4600
2017-04-27,2387.3900
2017-04-28,2388.0200
2017-05-01,2389.6600
2017-05-02,2389.3750
2017-05-03,2384.7850
2017-05-04,2385.8900
2017-05-05,2394.3350
2017-05-08,2397.6400
2017-05-09,2398.1550
2017-05-10,2396.2650
2017-05-11,2388.7300
2017-05-12,2389.8150
2017-05-15,2398.9950
2017-05-16,2400.9100
2017-05-17,2370.5400
2017-05-18,2364.2300
2017-05-19,2379.7450
2017-05-22,2391.1900
2017-05-23,2397.3650
2017-05-24,2401.7850
2017-05-25,2413.3600
2017-05-26,2414.4400
2017-05-30,2412.3450
2017-05-31,2409.7900
2017-06-01,2421.8000
2017-06-02,2433.9700
2017-06-05,2436.9350
2017-06-06,2432.1650
2017-06-07,2430.0150
2017-06-08,2433.6050
2017-06-09,2430.9500
2017-06-12,2425.1750
2017-06-13,2436.3850
2017-06-14,2436.0450
2017-06-15,2426.2400
2017-06-16,2428.0150
2017-06-19,2447.8050
2017-06-20,2443.6300
2017-06-21,2436.4850
2017-06-22,2437.4450
2017-06-23,2436.2550
2017-06-26,2443.7250
2017-06-27,2429.7650
2017-06-28,2435.4950
2017-06-29,2424.2150
2017-06-30,2427.1800
2017-07-03,2433.9300
2017-07-05,2428.4750
2017-07-06,2415.9900
2017-07-07,2420.2200
2017-07-10,2427.1350
2017-07-11,2421.0450
2017-07-12,2440.7550
2017-07-13,2445.5050
2017-07-14,2455.1150
2017-07-17,2459.9900
2017-07-18,2455.6300
2017-07-19,2469.0250
2017-07-20,2473.0250
2017-07-21,2468.8000
2017-07-24,2469.7100
2017-07-25,2478.0750
2017-07-26,2478.3150
2017-07-27,2471.9850
2017-07-28,2469.0950
2017-07-31,2473.2450
2017-08-01,2474.8250
2017-08-02,2473.4300
2017-08-03,2472.4400
2017-08-04,2476.0400
2017-08-07,2478.4150
2017-08-08,2480.5950
2017-08-09,2468.2450
2017-08-10,2451.5650
2017-08-11,2442.9700
2017-08-14,2461.5900
2017-08-15,2465.2550
2017-08-16,2469.3950
2017-08-17,2447.5150
2017-08-18,2430.4800
2017-08-21,2423.9650
2017-08-22,2444.2200
2017-08-23,2445.1650
2017-08-24,2443.2900
2017-08-25,2448.0900
2017-08-28,2444.0750
2017-08-29,2438.6950
2017-08-30,2452.0400
2017-08-31,2468.8300
2017-09-01,2477.1150
2017-09-05,2459.2600
2017-09-06,2464.4200
2017-09-07,2464.4550
2017-09-08,2463.2550
2017-09-11,2481.7350
2017-09-12,2493.5700
2017-09-13,2495.2550
2017-09-14,2494.8900
2017-09-15,2496.6950
2017-09-18,2504.1200
2017-09-19,2505.5150
2017-09-20,2502.7600
2017-09-21,2503.0800
2017-09-22,2500.0050
2017-09-25,2495.2850
2017-09-26,2499.3150
2017-09-27,2503.8300
2017-09-28,2506.8700
2017-09-29,2513.7150
2017-10-02,2524.8150
2017-10-03,2531.9900
2017-10-04,2536.1650
2017-10-05,2546.2650
2017-10-06,2546.6000
2017-10-09,2546.7100
2017-10-10,2550.0450
2017-10-11,2551.5950
2017-10-12,2551.8200
2017-10-13,2554.8700
2017-10-16,2556.0550
2017-10-17,2557.2000
2017-10-18,2561.8900
2017-10-19,2555.1400
2017-10-20,2571.5000
2017-10-23,2571.3100
2017-10-24,2568.8800
2017-10-25,2555.7000
2017-10-26,2563.4350
2017-10-27,2574.4600
2017-10-30,2574.1400
2017-10-31,2575.2200
2017-11-01,2581.6600
2017-11-02,2573.6400
2017-11-03,2582.5950
2017-11-06,2589.5200
2017-11-07,2590.6850
2017-11-08,2590.2450
2017-11-09,2576.4150
2017-11-10,2579.6900
2017-11-13,2581.0700
2017-11-14,2573.1100
2017-11-15,2565.1450
2017-11-16,2581.5200
2017-11-17,2580.7900
2017-11-20,2581.4400
2017-11-21,2595.1800
2017-11-22,2598.0850
2017-11-24,2602.3150
2017-11-27,2602.6400
2017-11-28,2616.5650
2017-11-29,2627.6050
2017-11-30,2645.8350
2017-12-01,2628.0700
2017-12-04,2652.1100
2017-12-05,2638.2250
2017-12-06,2629.5800
2017-12-07,2633.7600
2017-12-08,2647.8750
2017-12-11,2655.9000
2017-12-12,2664.7500
2017-12-13,2667.3650
2017-12-14,2660.0500
2017-12-15,2669.3850
2017-12-18,2690.4450
2017-12-19,2687.5900
2017-12-20,2683.5600
2017-12-21,2687.5200
2017-12-22,2681.7400
2017-12-26,2680.3500
2017-12-27,2682.2750
2017-12-28,2685.1750
2017-12-29,2682.8650
2018-01-02,2689.1250
2018-01-03,2706.0700
2018-01-04,2724.1800
2018-01-05,2735.6850
2018-01-08,2743.0550
2018-01-09,2753.5000
2018-01-10,2743.4300
2018-01-11,2760.1700
2018-01-12,2778.7450
2018-01-16,2788.0900
2018-01-17,2792.7100
2018-01-18,2799.1950
2018-01-19,2804.2050
2018-01-22,2820.5750
2018-01-23,2836.4150
2018-01-24,2838.8900
2018-01-25,2839.7500
2018-01-26,2859.5250
2018-01-29,2861.0500
2018-01-30,2828.0100
2018-01-31,2826.1500
2018-02-01,2824.3300
2018-02-02,2784.4450
2018-02-05,2700.7800
2018-02-06,2647.0550
2018-02-07,2704.5000
2018-02-08,2632.9150
2018-02-09,2585.6800
2018-02-12,2647.5300
2018-02-13,2652.9600
2018-02-14,2675.4850
2018-02-15,2710.6650
2018-02-16,2739.7650
2018-02-20,2722.1800
2018-02-21,2724.5200
2018-02-22,2714.5150
2018-02-23,2730.7500
2018-02-26,2767.2100
2018-02-27,2766.6850
2018-02-28,2737.5300
2018-03-01,2695.2700
2018-03-02,2671.7850
2018-03-05,2701.9200
2018-03-06,2721.6700
2018-03-07,2716.1700
2018-03-08,2731.5500
2018-03-09,2769.0550
2018-03-12,2788.1200
2018-03-13,2780.2900
2018-03-14,2760.7450
2018-03-15,2752.2500
2018-03-16,2755.9100
2018-03-19,2717.9850
2018-03-20,2717.1350
2018-03-21,2724.4650
2018-03-22,2668.6350
2018-03-23,2621.7800
2018-03-26,2631.5850
2018-03-27,2635.4500
2018-03-28,2612.8550
2018-03-29,2634.3950
2018-04-02,2596.0500
2018-04-03,2597.3150
2018-04-04,2611.7350
2018-04-05,2660.8300
2018-04-06,2621.5750
2018-04-09,2632.1700
2018-04-10,2650.6150
2018-04-11,2650.3400
2018-04-12,2664.2750
2018-04-13,2662.6550
2018-04-16,2675.8250
2018-04-17,2702.6950
2018-04-18,2710.5600
2018-04-19,2692.3700
2018-04-20,2677.2750
2018-04-23,2670.4250
2018-04-24,2650.4350
2018-04-25,2628.9850
2018-04-26,2661.8200
2018-04-27,2668.1800
2018-04-30,2665.4800
2018-05-01,2640.3400
2018-05-02,2646.2850
2018-05-03,2615.8800
2018-05-04,2643.1250
2018-05-07,2674.0250
2018-05-08,2665.7700
2018-05-09,2687.7050
2018-05-10,2715.3250
2018-05-11,2725.1550
2018-05-14,2733.7850
2018-05-15,2710.2500
2018-05-16,2719.9650
2018-05-17,2721.6600
2018-05-18,2714.3400
2018-05-21,2732.4450
2018-05-22,2732.0600
2018-05-23,2721.4350
2018-05-24,2719.6750
2018-05-25,2721.1750
2018-05-29,2693.7400
2018-05-30,2715.8850
2018-05-31,2711.5900
2018-06-01,2727.8150
2018-06-04,2744.8500
2018-06-05,2746.0600
2018-06-06,2760.4250
2018-06-07,2770.0300
2018-06-08,2771.4900
2018-06-11,2785.1900
2018-06-12,2784.2900
2018-06-13,2783.0600
2018-06-14,2782.7900
2018-06-15,2772.2700
2018-06-18,2766.0550
2018-06-19,2754.1200
2018-06-20,2769.3850
2018-06-21,2756.8350
2018-06-22,2758.4250
2018-06-25,2720.8050
2018-06-26,2724.2550
2018-06-27,2722.7350
2018-06-28,2708.1650
2018-06-29,2730.6450
2018-07-02,2713.1050
2018-07-03,2723.8700
2018-07-05,2726.9250
2018-07-06,2748.9650
2018-07-09,2776.5800
2018-07-10,2790.9100
2018-07-11,2778.3400
2018-07-12,2790.3750
2018-07-13,2798.1100
2018-07-16,2798.5500
2018-07-17,2801.7150
2018-07-18,2811.3250
2018-07-19,2805.9100
2018-07-20,2804.8550
2018-07-23,2801.8750
2018-07-24,2820.5550
2018-07-25,2832.8800
2018-07-26,2840.4150
2018-07-27,2825.7550
2018-07-30,2809.9250
2018-07-31,2816.2600
2018-08-01,2815.8400
2018-08-02,2813.1250
2018-08-03,2833.8750
2018-08-06,2844.6350
2018-08-07,2859.6750
2018-08-08,2857.7650
2018-08-09,2857.2300
2018-08-10,2834.0050
2018-08-13,2831.6400
2018-08-14,2834.8450
2018-08-15,2815.2200
2018-08-16,2840.9650
2018-08-17,2844.6800
2018-08-20,2855.1900
2018-08-21,2867.2750
2018-08-22,2861.7950
2018-08-23,2861.4050
2018-08-24,2869.2550
2018-08-27,2891.4700
2018-08-28,2898.6350
2018-08-29,2907.4500
2018-08-30,2903.8400
2018-08-31,2899.0250
2018-09-04,2892.6550
2018-09-05,2885.5650
2018-09-06,2879.6700
2018-09-07,2873.9650
2018-09-10,2881.4350
2018-09-11,2879.6500
2018-09-12,2886.9250
2018-09-13,2901.5750
2018-09-14,2902.0350
2018-09-17,2895.4050
2018-09-18,2900.8000
2018-09-19,2908.0900
2018-09-20,2927.2650
2018-09-21,2934.0100
2018-09-24,2918.2100
2018-09-25,2918.8250
2018-09-26,2917.2150
2018-09-27,2918.2450
2018-09-28,2914.0150
2018-10-01,2927.4850
2018-10-02,2925.3950
2018-10-03,2930.6100
2018-10-04,2901.8500
2018-10-05,2889.4650
2018-10-08,2875.7650
2018-10-09,2884.5500
2018-10-10,2829.4400
2018-10-11,2752.8250
2018-10-12,2752.6050
2018-10-15,2762.5100
2018-10-16,2790.1850
2018-10-17,2799.3750
2018-10-18,2780.6100
2018-10-19,2779.0200
2018-10-22,2764.0800
2018-10-23,2722.5100
2018-10-24,2697.2400
2018-10-25,2695.2700
2018-10-26,2660.2700
2018-10-29,2655.1950
2018-10-30,2660.3850
2018-10-31,2721.1450
2018-11-01,2725.2600
2018-11-02,2728.4950
2018-11-05,2731.1050
2018-11-06,2746.9500
2018-11-07,2794.6400
2018-11-08,2804.8700
2018-11-09,2779.1700
2018-11-12,2748.9950
2018-11-13,2734.7900
2018-11-14,2716.2750
2018-11-15,2703.0650
2018-11-16,2729.4550
2018-11-19,2707.1250
2018-11-20,2650.4800
2018-11-21,2660.2750
2018-11-23,2639.3200
2018-11-26,2662.1600
2018-11-27,2669.2100
2018-11-28,2714.1900
2018-11-29,2738.3450
2018-11-30,2746.8200
2018-12-03,2786.7800
2018-12-04,2741.5550
2018-12-06,2658.8400
2018-12-07,2665.8400
2018-12-10,2615.3700
2018-12-11,2647.8250
2018-12-12,2667.8500
2018-12-13,2653.7300
2018-12-14,2614.4550
2018-12-17,2565.8350
2018-12-18,2551.3500
2018-12-19,2537.1250
2018-12-20,2475.4050
2018-12-21,2456.4800
2018-12-24,2380.7200
2018-12-26,2407.1700
2018-12-27,2443.5200
2018-12-28,2496.5800
2018-12-31,2496.0300
2019-01-02,2493.4800
2019-01-03,2468.5500
2019-01-04,2506.2000
2019-01-07,2545.3600
2019-01-08,2563.6900
2019-01-09,2582.1050
2019-01-10,2579.9200
2019-01-11,2586.8350
2019-01-14,2579.8650
2019-01-15,2599.0900
2019-01-16,2619.2200
2019-01-17,2625.7100
2019-01-18,2661.5250
2019-01-22,2637.5750
2019-01-23,2633.0250
2019-01-24,2637.1050
2019-01-25,2664.8550
2019-01-28,2634.5150
2019-01-29,2640.9900
2019-01-30,2669.3900
2019-01-31,2693.8000
2019-02-01,2706.7700
2019-02-04,2711.8700
2019-02-05,2731.5050
2019-02-06,2731.1150
2019-02-07,2703.2900
2019-02-08,2694.9500
2019-02-11,2710.9200
2019-02-12,2735.4000
2019-02-13,2755.2400
2019-02-14,2744.5650
2019-02-15,2767.9500
2019-02-19,2777.3100
2019-02-20,2781.9700
2019-02-21,2773.0650
2019-02-22,2786.6550
2019-02-25,2804.2400
2019-02-26,2796.2950
2019-02-27,2785.4450
2019-02-28,2788.1200
2019-03-01,2797.7000
2019-03-04,2792.2700
2019-03-05,2789.7050
2019-03-06,2779.4800
2019-03-07,2753.1700
2019-03-08,2733.2000
2019-03-11,2765.8050
2019-03-12,2792.5250
2019-03-13,2810.5100
2019-03-14,2809.2300
2019-03-15,2820.7600
2019-03-18,2828.7000
2019-03-19,2837.8450
2019-03-20,2827.9850
2019-03-21,2838.8450
2019-03-22,2823.3150
2019-03-25,2797.4050
2019-03-26,2816.9300
2019-03-27,2806.6400
2019-03-28,2809.2400
2019-03-29,2827.6300
2019-04-01,2859.0150
2019-04-02,2865.8250
2019-04-03,2875.2100
2019-04-04,2874.2100
2019-04-05,2888.1150
2019-04-08,2888.3650
2019-04-09,2880.1050
2019-04-10,2884.4200
2019-04-11,2887.7050
2019-04-12,2904.4550
2019-04-15,2903.0400
2019-04-16,2908.3850
2019-04-17,2906.7250
2019-04-18,2900.1500
2019-04-22,2902.9300
2019-04-23,2922.4200
2019-04-24,2931.4400
2019-04-25,2922.9700
2019-04-26,2928.7200
2019-04-29,2944.4350
2019-04-30,2936.1650
2019-05-01,2938.7450
2019-05-02,2916.0900
2019-05-03,2938.5300
2019-05-06,2917.7650
2019-05-07,2887.8150
2019-05-08,2885.6200
2019-05-09,2856.1850
2019-05-10,2858.3500
2019-05-13,2820.8100
2019-05-14,2836.3300
2019-05-15,2836.8800
2019-05-16,2873.9750
2019-05-17,2869.8550
2019-05-20,2842.5750
2019-05-21,2861.4500
2019-05-22,2858.2900
2019-05-23,2821.0950
2019-05-24,2830.7750
2019-05-28,2821.0450
2019-05-29,2779.0450
2019-05-30,2787.8700
2019-05-31,2759.7500
2019-06-03,2745.9400
2019-06-04,2783.5650
2019-06-05,2814.1000
2019-06-06,2837.2750
2019-06-07,2868.9200
2019-06-10,2895.1400
2019-06-11,2894.5700
2019-06-12,2881.6250
2019-06-13,2888.6150
2019-06-14,2887.0350
2019-06-17,2892.2850
2019-06-18,2918.1150
2019-06-19,2921.5850
2019-06-20,2944.7800
2019-06-21,2955.5100
2019-06-24,2949.4850
2019-06-25,2931.2650
2019-06-26,2922.7900
2019-06-27,2923.9350
2019-06-28,2936.5150
2019-07-01,2965.0750
2019-07-02,2964.5650
2019-07-03,2986.9000
2019-07-05,2981.0000
2019-07-08,2975.4250
2019-07-09,2972.6700
2019-07-10,2993.8000
2019-07-11,2995.5650
2019-07-12,3007.8950
2019-07-15,3013.2850
2019-07-16,3008.0850
2019-07-17,2994.7550
2019-07-18,2985.6850
2019-07-19,2990.9400
2019-07-22,2983.6800
2019-07-23,2997.2300
2019-07-24,3008.2050
2019-07-25,3006.7750
2019-07-26,3020.2850
2019-07-29,3019.9550
2019-07-30,3009.0650
2019-07-31,2987.7400
2019-08-01,2979.4100
2019-08-02,2929.8050
2019-08-05,2860.0950
2019-08-06,2865.9100
2019-08-07,2858.9400
2019-08-08,2916.5950
2019-08-09,2917.9500
2019-08-12,2890.3600
2019-08-13,2910.1800
2019-08-14,2866.8950
2019-08-15,2841.0900
2019-08-16,2879.1850
2019-08-19,2922.2400
2019-08-20,2911.6150
2019-08-21,2923.3200
2019-08-22,2921.7950
2019-08-23,2880.9900
2019-08-26,2867.6350
2019-08-27,2879.6900
2019-08-28,2871.5400
2019-08-29,2918.0850
2019-08-30,2926.8750
2019-09-03,2903.1200
2019-09-04,2930.3500
2019-09-05,2973.2300
2019-09-06,2978.7700
2019-09-09,2979.4100
2019-09-10,2968.2000
2019-09-11,2988.1200
2019-09-12,3010.8300
2019-09-13,3010.1150
2019-09-16,2996.4300
2019-09-17,2999.9700
2019-09-18,2993.2000
2019-09-19,3012.5750
2019-09-20,3000.5250
2019-09-23,2990.6900
2019-09-24,2982.8550
2019-09-25,2971.3400
2019-09-26,2975.4950
2019-09-27,2966.4200
2019-09-30,2975.4600
2019-10-01,2965.6150
2019-10-02,2899.8550
2019-10-03,2883.5350
2019-10-04,2936.1500
2019-10-07,2947.7150
2019-10-08,2909.0650
2019-10-09,2918.3650
2019-10-10,2932.7900
2019-10-11,2978.1750
2019-10-14,2967.8900
2019-10-15,2988.4450
2019-10-16,2991.3700
2019-10-17,3000.0400
2019-10-18,2988.1550
2019-10-21,3001.3400
2019-10-22,3004.8050
2019-10-23,2997.9950
2019-10-24,3008.2450
2019-10-25,3014.6650
2019-10-28,3038.1000
2019-10-29,3041.3400
2019-10-30,3038.0300
2019-10-31,3035.0450
2019-11-01,3058.8350
2019-11-04,3080.0350
2019-11-05,3078.0500
2019-11-06,3072.1150
2019-11-07,3089.0000
2019-11-08,3083.3350
2019-11-11,3082.0750
2019-11-12,3093.6700
2019-11-13,3088.4300
2019-11-14,3090.7300
2019-11-15,3112.5300
2019-11-18,3118.1150
2019-11-19,3120.5550
2019-11-20,3105.1900
2019-11-21,3102.3300
2019-11-22,3106.0650
2019-11-25,3125.6350
2019-11-26,3136.8450
2019-11-27,3148.8350
2019-11-29,3144.8200
2019-12-02,3127.5450
2019-12-03,3082.6500
2019-12-04,3110.9550
2019-12-05,3111.6050
2019-12-06,3142.6100
2019-12-09,3142.1650
2019-12-10,3134.1050
2019-12-11,3138.5950
2019-12-12,3157.3750
2019-12-13,3169.5950
2019-12-16,3190.6700
2019-12-17,3194.6250
2019-12-18,3194.8100
2019-12-19,3198.9000
2019-12-20,3220.8400
2019-12-23,3225.0400
2019-12-24,3223.4700
2019-12-26,3233.6400
2019-12-27,3241.1500
2019-12-30,3228.7450
2019-12-31,3221.8750
2020-01-02,3246.8350
2020-01-03,3234.2450
2020-01-06,3230.7400
2020-01-07,3238.6700
2020-01-08,3251.8700
2020-01-09,3269.6250
2020-01-10,3271.9250
2020-01-13,3278.2800
2020-01-14,3285.7200
2020-01-15,3289.6750
2020-01-16,3309.9650
2020-01-17,3324.3700
2020-01-21,3323.2000
2020-01-22,3328.9050
2020-01-23,3314.3750
2020-01-24,3307.3550
2020-01-27,3246.6750
2020-01-28,3269.5000
2020-01-29,3282.6800
2020-01-30,3264.3550
2020-01-31,3248.5050
2020-02-03,3252.0500
2020-02-04,3293.7650
2020-02-05,3325.6650
2020-02-06,3341.1750
2020-02-07,3331.7700
2020-02-10,3335.0150
2020-02-11,3364.1750
2020-02-12,3375.5950
2020-02-13,3372.8050
2020-02-14,3373.4200
2020-02-18,3365.3100
2020-02-19,3386.1750
2020-02-20,3365.0850
2020-02-21,3344.6050
2020-02-24,3237.2300
2020-02-25,3182.8800
2020-02-26,3145.7500
2020-02-27,3037.2300
2020-02-28,2907.7800
2020-03-02,3018.0750
2020-03-03,3056.6750
2020-03-04,3082.6750
2020-03-05,3041.4350
2020-03-06,2943.7350
2020-03-09,2799.1600
2020-03-10,2808.2950
2020-03-11,2766.4100
2020-03-12,2569.9050
2020-03-13,2601.8500
2020-03-16,2471.9600
2020-03-17,2460.4850
2020-03-18,2367.0450
2020-03-19,2393.3750
2020-03-20,2374.2850
2020-03-23,2246.2950
2020-03-24,2397.0750
2020-03-25,2489.4750
2020-03-26,2568.8650
2020-03-27,2567.9650
2020-03-30,2588.5400
2020-03-31,2606.2700
2020-04-01,2485.1200
2020-04-02,2494.5050
2020-04-03,2499.0700
2020-04-06,2625.7100
2020-04-07,2707.2800
2020-04-08,2712.0250
2020-04-09,2790.4650
2020-04-13,2751.8150
2020-04-14,2828.4750
2020-04-15,2781.7100
2020-04-16,2785.4150
2020-04-17,2855.0500
2020-04-20,2844.7050
2020-04-21,2756.3200
2020-04-22,2795.5250
2020-04-23,2819.5800
2020-04-24,2817.2350
2020-04-27,2870.3050
2020-04-28,2890.9300
2020-04-29,2933.5100
2020-04-30,2911.6900
2020-05-01,2845.3500
2020-05-04,2821.0450
2020-05-05,2880.8900
2020-05-06,2869.3800
2020-05-07,2889.2000
2020-05-08,2917.5200
2020-05-11,2923.8450
2020-05-12,2907.7050
2020-05-13,2833.6450
2020-05-14,2809.7200
2020-05-15,2840.8950
2020-05-18,2940.9750
2020-05-19,2943.2800
2020-05-20,2966.9600
2020-05-21,2958.5350
2020-05-22,2945.1750
2020-05-26,3004.9450
2020-05-27,3003.0000
2020-05-28,3046.0350
2020-05-29,3023.8900
2020-06-01,3046.8600
2020-06-02,3066.3550
2020-06-03,3114.9200
2020-06-04,3109.6600
2020-06-05,3187.7800
2020-06-08,3214.5650
2020-06-09,3207.9100
2020-06-10,3202.3800
2020-06-11,3061.5100
2020-06-12,3036.4450
2020-06-15,3022.7100
2020-06-16,3114.7550
2020-06-17,3124.5950
2020-06-18,3106.7550
2020-06-19,3119.3200
2020-06-22,3100.1550
2020-06-23,3141.0100
2020-06-24,3073.5700
2020-06-25,3055.1300
2020-06-26,3039.1800
2020-06-29,3026.8150
2020-06-30,3079.6700
2020-07-01,3114.8050
2020-07-02,3145.1650
2020-07-06,3168.9400
2020-07-07,3163.5400
2020-07-08,3154.1650
2020-07-09,3147.7400
2020-07-10,3161.5200
2020-07-13,3192.3750
2020-07-14,3164.3050
2020-07-15,3219.5200
2020-07-16,3209.4900
2020-07-17,3219.5850
2020-07-20,3236.8850
2020-07-21,3262.5300
2020-07-22,3266.2100
2020-07-23,3251.3250
2020-07-24,3213.6550
2020-07-27,3227.8400
2020-07-28,3229.9450
2020-07-29,3245.9800
2020-07-30,3227.5250
2020-07-31,3246.2150
2020-08-03,3293.6300
2020-08-04,3296.6050
2020-08-05,3324.0700
2020-08-06,3334.5850
2020-08-07,3340.6300
2020-08-10,3349.3650
2020-08-11,3353.7250
2020-08-12,3371.6750
2020-08-13,3375.2950
2020-08-14,3370.0750
2020-08-17,3383.4050
2020-08-18,3382.6050
2020-08-19,3384.6000
2020-08-20,3372.7450
2020-08-21,3389.6350
2020-08-24,3422.6100
2020-08-25,3435.0250
2020-08-26,3462.6100
2020-08-27,3484.8650
2020-08-28,3496.7750
2020-08-31,3504.0100
2020-09-01,3511.3150
2020-09-02,3561.6700
2020-09-03,3496.1300
2020-09-04,3414.3900
2020-09-08,3354.6200
2020-09-09,3395.8050
2020-09-10,3377.4000
2020-09-11,3339.7100
2020-09-14,3383.2450
2020-09-15,3404.3650
2020-09-16,3406.6850
2020-09-17,3351.9950
2020-09-18,3327.3350
2020-09-21,3257.3350
2020-09-22,3295.6300
2020-09-23,3277.9600
2020-09-24,3244.0750
2020-09-25,3267.6600
2020-09-28,3346.8250
2020-09-29,3342.7300
2020-09-30,3367.0150
2020-10-01,3379.2850
2020-10-02,3346.3950
2020-10-05,3388.4200
2020-10-06,3393.0500
2020-10-07,3405.4100
2020-10-08,3437.7150
2020-10-09,3470.2050
2020-10-12,3524.7300
2020-10-13,3517.4350
2020-10-14,3504.2450
2020-10-15,3464.9850
2020-10-16,3498.1050
2020-10-19,3461.1750
2020-10-20,3456.2900
2020-10-21,3448.9600
2020-10-22,3437.9350
2020-10-23,3453.4550
2020-10-26,3403.1400
2020-10-27,3399.1100
2020-10-28,3305.6850
2020-10-29,3300.4350
2020-10-30,3269.4350
2020-11-02,3304.9400
2020-11-03,3362.8700
2020-11-04,3445.7100
2020-11-05,3507.3950
2020-11-06,3502.9600
2020-11-09,3596.7350
2020-11-10,3534.5650
2020-11-11,3569.0800
2020-11-12,3543.8000
2020-11-13,3573.1150
2020-11-16,3614.3350
2020-11-17,3605.8950
2020-11-18,3593.2100
2020-11-19,3564.5300
2020-11-20,3569.0400
2020-11-23,3571.2900
2020-11-24,3618.4150
2020-11-25,3626.6300
2020-11-27,3636.8200
2020-11-30,3614.2850
2020-12-01,3662.1600
2020-12-02,3657.9000
2020-12-03,3669.9500
2020-12-04,3685.0700
2020-12-07,3688.1450
2020-12-08,3693.6400
2020-12-09,3686.4650
2020-12-10,3661.8350
2020-12-11,3649.6550
2020-12-14,3671.7250
2020-12-15,3677.4550
2020-12-16,3699.9200
2020-12-17,3717.9950
2020-12-18,3706.2700
2020-12-21,3669.6900
2020-12-22,3687.2100
2020-12-23,3700.2600
2020-12-24,3696.5700
2020-12-28,3731.7700
2020-12-29,3739.7150
2020-12-30,3737.4200
2020-12-31,3743.5400
2021-01-04,3716.3500
2021-01-05,3716.4500
2021-01-06,3744.1900
2021-01-07,3788.1300
2021-01-08,3805.1450
2021-01-11,3803.4400
2021-01-12,3793.6450
2021-01-13,3806.2300
2021-01-14,3808.2300
2021-01-15,3769.1750
2021-01-19,3792.4500
2021-01-20,3837.9850
2021-01-21,3853.2500
2021-01-22,3841.3600
2021-01-25,3828.1950
2021-01-26,3859.3400
2021-01-27,3784.6550
2021-01-28,3793.1250
2021-01-29,3736.0850
2021-02-01,3754.9700
2021-02-02,3817.4650
2021-02-03,3832.0950
2021-02-04,3854.5400
2021-02-05,3884.7450
2021-02-08,3904.1800
2021-02-09,3910.4950
2021-02-10,3908.2200
2021-02-11,3908.1900
2021-02-12,3921.5050
2021-02-16,3937.1400
2021-02-17,3917.0200
2021-02-18,3903.5050
2021-02-19,3916.7400
2021-02-22,3888.8150
2021-02-23,3850.7850
2021-02-24,3894.1250
2021-02-25,3869.5300
2021-02-26,3825.3100
2021-03-01,3878.5050
2021-03-02,3887.4900
2021-03-03,3846.6650
2021-03-04,3783.5050
2021-03-05,3790.9400
2021-03-08,3850.1550
2021-03-09,3877.8450
2021-03-10,3901.5400
2021-03-11,3937.9050
2021-03-12,3930.1000
2021-03-15,3946.8100
2021-03-16,3967.2400
2021-03-17,3959.8050
2021-03-18,3940.2400
2021-03-19,3908.4350
2021-03-22,3934.7350
2021-03-23,3925.3500
2021-03-24,3915.5750
2021-03-25,3886.5200
2021-03-26,3947.6550
2021-03-29,3962.5400
2021-03-30,3956.1800
2021-03-31,3980.6950
2021-04-01,4006.7050
2021-04-05,4058.9300
2021-04-06,4077.1850
2021-04-07,4075.7200
2021-04-08,4090.3650
2021-04-09,4112.4950
2021-04-12,4123.2900
2021-04-13,4136.2150
2021-04-14,4136.2800
2021-04-15,4156.6250
2021-04-16,4181.0300
2021-04-19,4165.6400
2021-04-20,4138.7800
2021-04-21,4150.6850
2021-04-22,4151.6300
2021-04-23,4166.4750
2021-04-26,4188.2750
2021-04-27,4184.7850
2021-04-28,4191.6550
2021-04-29,4197.7950
2021-04-30,4186.4750
2021-05-03,4198.7100
2021-05-04,4153.8150
2021-05-05,4174.3300
2021-05-06,4175.0150
2021-05-07,4219.8400
2021-05-10,4212.2600
2021-05-11,4136.7850
2021-05-12,4095.8050
2021-05-13,4103.2850
2021-05-14,4156.3550
2021-05-17,4157.3050
2021-05-18,4147.5700
2021-05-19,4089.1700
2021-05-20,4147.3850
2021-05-21,4170.2200
2021-05-24,4189.8400
2021-05-25,4197.9700
2021-05-26,4193.3600
2021-05-27,4205.5800
2021-05-28,4210.9650
2021-06-01,4215.8550
2021-06-02,4207.8200
2021-06-03,4186.1600
2021-06-04,4219.7500
2021-06-07,4224.0000
2021-06-08,4222.5750
2021-06-09,4227.9150
2021-06-10,4235.0400
2021-06-11,4240.3150
2021-06-14,4244.8300
2021-06-15,4247.7550
2021-06-16,4227.1700
2021-06-17,4214.1700
2021-06-18,4184.5900
2021-06-21,4199.8200
2021-06-22,4236.5550
2021-06-23,4249.0150
2021-06-24,4264.1250
2021-06-25,4278.6400
2021-06-28,4283.4050
2021-06-29,4293.7800
2021-06-30,4295.1950
2021-07-01,4310.6950
2021-07-02,4341.0150
2021-07-06,4335.4150
2021-07-07,4345.8350
2021-07-08,4310.1250
2021-07-09,4350.4900
2021-07-12,4375.3550
2021-07-13,4379.6450
2021-07-14,4378.0200
2021-07-15,4354.8600
2021-07-16,4348.8100
2021-07-19,4264.7650
2021-07-20,4299.4450
2021-07-21,4345.4150
2021-07-22,4359.9650
2021-07-23,4398.1900
2021-07-26,4414.0900
2021-07-27,4394.4450
2021-07-28,4401.2400
2021-07-29,4416.7800
2021-07-30,4400.9500
2021-08-02,4403.4950
2021-08-03,4398.3950
2021-08-04,4408.2000
2021-08-05,4419.3100
2021-08-06,4434.9450
2021-08-09,4432.0650
2021-08-10,4437.6200
2021-08-11,4442.9300
2021-08-12,4448.8650
2021-08-13,4464.5950
2021-08-16,4458.9600
2021-08-17,4439.9750
2021-08-18,4425.9550
2021-08-19,4393.1700
2021-08-20,4425.5750
2021-08-23,4470.0850
2021-08-24,4487.5450
2021-08-25,4493.6850
2021-08-26,4482.4450
2021-08-27,4493.7150
2021-08-30,4525.5600
2021-08-31,4523.5950
2021-09-01,4529.5650
2021-09-02,4535.2550
2021-09-03,4531.3750
2021-09-07,4524.1900
2021-09-08,4507.8700
2021-09-09,4510.9850
2021-09-10,4489.0650
2021-09-13,4469.3450
2021-09-14,4460.5700
2021-09-15,4462.6200
2021-09-16,4464.8350
2021-09-17,4449.6400
2021-09-20,4354.4300
2021-09-21,4371.4150
2021-09-22,4392.0900
2021-09-23,4436.0750
2021-09-24,4446.6950
2021-09-27,4446.7450
2021-09-28,4382.9350
2021-09-29,4370.3250
2021-09-30,4344.3950
2021-10-01,4331.8550
2021-10-04,4317.2250
2021-10-05,4339.5500
2021-10-06,4328.0300
2021-10-07,4406.8500
2021-10-08,4399.1200
2021-10-11,4388.2350
2021-10-12,4358.4900
2021-10-13,4351.3950
2021-10-14,4413.2400
2021-10-15,4461.7550
2021-10-18,4468.1100
2021-10-19,4508.4050
2021-10-20,4532.6350
2021-10-21,4539.1650
2021-10-22,4541.8350
2021-10-25,4554.9900
2021-10-26,4583.8500
2021-10-27,4568.1150
2021-10-28,4580.1950
2021-10-29,4587.8350
2021-11-01,4607.7000
2021-11-02,4624.2450
2021-11-03,4642.3250
2021-11-04,4672.7950
2021-11-05,4699.9100
2021-11-08,4704.6550
2021-11-09,4689.7000
2021-11-10,4657.8550
2021-11-11,4656.4300
2021-11-12,4669.6200
2021-11-15,4685.1400
2021-11-16,4697.1850
2021-11-17,4692.9550
2021-11-18,4690.7900
2021-11-19,4705.9850
2021-11-22,4713.0000
2021-11-23,4676.0250
2021-11-24,4681.3800
2021-11-26,4625.0300
2021-11-29,4649.1050
2021-11-30,4603.0100
2021-12-01,4581.6050
2021-12-02,4550.0950
2021-12-03,4551.5750
2021-12-06,4576.5550
2021-12-07,4663.0050
2021-12-08,4689.7900
2021-12-09,4680.6200
2021-12-10,4691.9050
2021-12-13,4688.9500
2021-12-14,4633.4950
2021-12-15,4661.9100
2021-12-16,4691.9400
2021-12-17,4633.4600
2021-12-20,4559.5000
2021-12-21,4617.1500
2021-12-22,4671.6000
2021-12-23,4722.3500
2021-12-27,4762.7400
2021-12-28,4793.5300
2021-12-29,4791.0700
2021-12-30,4792.1300
2021-12-31,4776.2900
2022-01-03,4777.4050
2022-01-04,4796.4450
2022-01-05,4748.5700
2022-01-06,4698.1350
2022-01-07,4685.3450
2022-01-10,4627.6300
2022-01-11,4676.2000
2022-01-12,4727.7700
2022-01-13,4697.2100
2022-01-14,4639.9400
2022-01-18,4600.4700
2022-01-19,4570.8750
2022-01-20,4540.0300
2022-01-21,4444.9300
2022-01-24,4319.9850
2022-01-25,4349.0600
2022-01-26,4379.0150
2022-01-27,4369.1200
2022-01-28,4362.5900
2022-01-31,4465.4550
2022-02-01,4517.0100
2022-02-02,4569.8150
2022-02-03,4506.6350
2022-02-04,4495.5800
2022-02-07,4496.6650
2022-02-08,4498.3600
2022-02-09,4568.5150
2022-02-10,4536.6150
2022-02-11,4463.8700
2022-02-14,4395.5300
2022-02-15,4451.0250
2022-02-16,4459.6150
2022-02-17,4414.9350
2022-02-18,4360.9100
2022-02-22,4314.6150
2022-02-23,4281.5100
2022-02-24,4204.6900
2022-02-25,4336.0850
2022-02-28,4351.9800
2022-03-01,4328.9950
2022-03-02,4362.0200
2022-03-03,4381.1700
2022-03-04,4313.5500
2022-03-07,4263.4300
2022-03-08,4217.4050
2022-03-09,4261.2500
2022-03-10,4239.0400
2022-03-11,4245.7500
2022-03-14,4204.6450
2022-03-15,4229.4750
2022-03-16,4305.4450
2022-03-17,4374.1600
2022-03-18,4427.9850
2022-03-21,4453.0250
2022-03-22,4495.5500
2022-03-23,4478.4400
2022-03-24,4492.8750
2022-03-25,4523.5500
2022-03-28,4546.6700
2022-03-29,4613.4800
2022-03-30,4604.5450
2022-03-31,4566.7400
2022-04-01,4528.1350
2022-04-04,4561.3550
2022-04-05,4553.8100
2022-04-06,4476.9900
2022-04-07,4485.7300
2022-04-08,4497.5050
2022-04-11,4436.3650
2022-04-12,4426.1700
2022-04-13,4423.3100
2022-04-14,4425.6150
2022-04-18,4390.3050
2022-04-19,4430.8300
2022-04-20,4468.5250
2022-04-21,4448.7050
2022-04-22,4326.7250
2022-04-25,4249.9200
2022-04-26,4226.5900
2022-04-27,4201.8050
2022-04-28,4248.5400
2022-04-29,4196.9800
2022-05-02,4116.1600
2022-05-03,4173.5900
2022-05-04,4228.2850
2022-05-05,4188.2200
2022-05-06,4112.8000
2022-05-09,4028.3750
2022-05-10,4013.4950
2022-05-11,3988.9550
2022-05-12,3911.8350
2022-05-13,4001.3900
2022-05-16,4015.2250
2022-05-17,4062.3250
2022-05-18,3981.9450
2022-05-19,3911.2700
2022-05-20,3876.8700
2022-05-23,3945.4600
2022-05-24,3915.4050
2022-05-25,3962.1800
2022-05-26,4029.8700
2022-05-27,4117.9600
2022-05-31,4136.6100
2022-06-01,4120.1950
2022-06-02,4125.9400
2022-06-03,4120.6700
2022-06-06,4138.9800
2022-06-07,4122.5250
2022-06-08,4133.6700
2022-06-09,4068.1350
2022-06-10,3937.2750
2022-06-13,3786.2250
2022-06-14,3741.9300
2022-06-15,3779.9300
2022-06-16,3683.9750
2022-06-17,3672.2900
2022-06-21,3747.4800
2022-06-22,3759.7400
2022-06-23,3773.0500
2022-06-24,3867.7000
2022-06-27,3908.6900
2022-06-28,3883.0000
2022-06-29,3817.7600
2022-06-30,3778.8300
2022-07-01,3790.9600
2022-07-05,3787.1250
2022-07-06,3840.1400
2022-07-07,3884.7400
2022-07-08,3893.9200
2022-07-11,3864.0800
2022-07-12,3837.8850
2022-07-13,3794.2550
2022-07-14,3758.9850
2022-07-15,3840.4000
2022-07-18,3860.5350
2022-07-19,3900.2700
2022-07-20,3948.0800
2022-07-21,3963.4650
2022-07-22,3975.6500
2022-07-25,3959.3800
2022-07-26,3931.9800
2022-07-27,3995.4950
2022-07-28,4035.9600
2022-07-29,4109.6850
2022-08-01,4120.4850
2022-08-02,4110.1400
2022-08-03,4137.8100
2022-08-04,4148.3550
2022-08-05,4129.4450
2022-08-08,4157.7950
2022-08-09,4124.6950
2022-08-10,4194.1450
2022-08-11,4229.6600
2022-08-12,4250.1250
2022-08-15,4279.3450
2022-08-16,4301.5250
2022-08-17,4277.6300
2022-08-18,4277.2550
2022-08-19,4242.5050
2022-08-22,4162.4700
2022-08-23,4141.9000
2022-08-24,4138.2650
2022-08-25,4174.0650
2022-08-26,4130.3500
2022-08-29,4040.2050
2022-08-30,4005.0950
2022-08-31,3984.9500
2022-09-01,3936.9400
2022-09-02,3962.3200
2022-09-06,3914.6500
2022-09-07,3946.9600
2022-09-08,3977.6550
2022-09-09,4049.8750
2022-09-12,4101.4750
2022-09-13,3979.2000
2022-09-14,3937.0600
2022-09-15,3923.7100
2022-09-16,3859.0150
2022-09-19,3869.4750
2022-09-20,3851.7750
2022-09-21,3848.2800
2022-09-22,3770.1750
2022-09-23,3687.3050
2022-09-26,3680.2150
2022-09-27,3670.4100
2022-09-28,3688.6750
2022-09-29,3648.7050
2022-09-30,3627.7850
2022-10-03,3651.6400
2022-10-04,3759.1900
2022-10-05,3764.7850
2022-10-06,3768.5750
2022-10-07,3663.7350
2022-10-10,3620.1350
2022-10-11,3604.5550
2022-10-12,3591.1000
2022-10-13,3588.4950
2022-10-14,3645.8400
2022-10-17,3664.1900
2022-10-18,3724.6600
2022-10-19,3697.5450
2022-10-20,3696.2200
2022-10-21,3702.6550
2022-10-24,3776.1950
2022-10-25,3831.1450
2022-10-26,3855.1100
2022-10-27,3831.8700
2022-10-28,3856.8400
2022-10-31,3878.4550
2022-11-01,3877.7950
2022-11-02,3826.5600
2022-11-03,3724.3700
2022-11-04,3752.5900
2022-11-07,3789.3250
2022-11-08,3822.8400
2022-11-09,3781.2100
2022-11-10,3909.1100
2022-11-11,3973.1500
2022-11-14,3982.6850
2022-11-15,3991.0050
2022-11-16,3968.7150
2022-11-17,3930.4350
2022-11-18,3957.9350
2022-11-21,3947.6700
2022-11-22,3981.3800
2022-11-23,4016.2200
2022-11-25,4027.3900
2022-11-28,3984.0200
2022-11-29,3957.2100
2022-11-30,4009.3450
2022-12-01,4075.6900
2022-12-02,4053.5550
2022-12-05,4018.4700
2022-12-06,3959.9500
2022-12-07,3940.1250
2022-12-08,3955.0100
2022-12-09,3955.0300
2022-12-12,3963.0050
2022-12-13,4046.9950
2022-12-14,4009.7050
2022-12-15,3918.9100
2022-12-16,3859.4100
2022-12-19,3827.4500
2022-12-20,3816.9300
2022-12-21,3864.6550
2022-12-22,3808.8750
2022-12-23,3821.4050
2022-12-27,3829.9350
2022-12-28,3814.5500
2022-12-29,3831.8200
2022-12-30,3820.0950
2023-01-03,3836.3950
2023-01-04,3844.4650
2023-01-05,3821.0800
2023-01-06,3857.8750
2023-01-09,3920.4950
2023-01-10,3898.5600
2023-01-11,3949.3050
2023-01-12,3967.6600
2023-01-13,3975.8100
2023-01-17,3999.9800
2023-01-18,3970.3750
2023-01-19,3904.2400
2023-01-20,3935.4100
2023-01-23,4005.4750
2023-01-24,4006.8550
2023-01-25,3984.3050
2023-01-26,4037.4300
2023-01-27,4071.4550
2023-01-30,4039.7000
2023-01-31,4048.8000
2023-02-01,4093.0750
2023-02-02,4168.6600
2023-02-03,4152.8600
2023-02-06,4109.0050
2023-02-07,4132.4650
2023-02-08,4134.2600
2023-02-09,4112.9500
2023-02-10,4077.5750
2023-02-13,4115.7850
2023-02-14,4127.3900
2023-02-15,4126.0450
2023-02-16,4113.0150
2023-02-17,4064.7300
2023-02-21,4023.7700
2023-02-22,3997.1350
2023-02-23,3998.7450
2023-02-24,3960.6650
2023-02-27,3995.8000
2023-02-28,3983.2400
2023-03-01,3955.3900
2023-03-02,3959.5000
2023-03-03,4021.7300
2023-03-06,4061.5500
2023-03-07,4015.1550
2023-03-08,3985.0850
2023-03-09,3963.2550
2023-03-10,3890.1850
2023-03-13,3856.9550
2023-03-14,3905.4600
2023-03-15,3866.2500
2023-03-16,3914.2850
2023-03-17,3930.0900
2023-03-20,3936.7550
2023-03-21,3990.1350
2023-03-22,3987.8300
2023-03-23,3963.3550
2023-03-24,3940.9500
2023-03-27,3987.1600
2023-03-28,3965.3650
2023-03-29,4015.0600
2023-03-30,4044.9750
2023-03-31,4083.4650
2023-04-03,4113.2250
2023-04-04,4110.0000
2023-04-05,4086.1250
2023-04-06,4088.5800
2023-04-10,4091.0250
2023-04-11,4113.4350
2023-04-12,4110.6550
2023-04-13,4124.8300
2023-04-14,4138.1950
2023-04-17,4137.4500
2023-04-18,4154.9200
2023-04-19,4148.5300
2023-04-20,4131.5700
2023-04-21,4125.9400
2023-04-24,4130.0900
2023-04-25,4098.9050
2023-04-26,4069.5100
2023-04-27,4106.7650
2023-04-28,4148.6200
2023-05-01,4175.5200
2023-05-02,4126.9100
2023-05-03,4118.5800
2023-05-04,4065.4450
2023-05-05,4115.8750
2023-05-08,4133.0550
2023-05-09,4123.5000
2023-05-10,4126.6000
2023-05-11,4121.0450
2023-05-12,4121.4300
2023-05-15,4125.7600
2023-05-16,4122.7000
2023-05-17,4139.1450
2023-05-18,4177.8500
2023-05-19,4196.5550
2023-05-22,4194.4500
2023-05-23,4164.1100
2023-05-24,4118.4700
2023-05-25,4147.7350
2023-05-26,4184.5150
2023-05-30,4211.6400
2023-05-31,4180.7950
2023-06-01,4202.0350
2023-06-02,4265.8400
2023-06-05,4283.0500
2023-06-06,4275.7100
2023-06-07,4281.5750
2023-06-08,4279.5400
2023-06-09,4307.1600
2023-06-12,4322.2500
2023-06-13,4362.3400
2023-06-14,4364.8350
2023-06-15,4400.9000
2023-06-16,4427.9550
2023-06-20,4383.6700
2023-06-21,4373.1800
2023-06-22,4367.0350
2023-06-23,4353.9450
2023-06-26,4345.0700
2023-06-27,4359.7100
2023-06-28,4375.2850
2023-06-29,4385.1800
2023-06-30,4440.4600
2023-07-03,4449.3750
2023-07-05,4445.3350
2023-07-06,4403.8350
2023-07-07,4418.8950
2023-07-10,4401.2600
2023-07-11,4426.0500
2023-07-12,4475.7850
2023-07-13,4503.3700
2023-07-14,4513.6600
2023-07-17,4518.8750
2023-07-18,4538.4450
2023-07-19,4567.9550
2023-07-20,4546.1500
2023-07-21,4545.3950
2023-07-24,4552.3500
2023-07-25,4566.5200
2023-07-26,4565.0250
2023-07-27,4567.8150
2023-07-28,4577.0850
2023-07-31,4583.6800
2023-08-01,4576.0750
2023-08-02,4528.3400
2023-08-03,4502.5150
2023-08-04,4507.4450
2023-08-07,4505.4950
2023-08-08,4483.8500
2023-08-09,4481.8850
2023-08-10,4492.6450
2023-08-11,4460.1050
2023-08-14,4471.8850
2023-08-15,4455.5300
2023-08-16,4426.7500
2023-08-17,4393.0000
2023-08-18,4358.5650
2023-08-21,4383.9250
2023-08-22,4400.6800
2023-08-23,4419.8100
2023-08-24,4416.9250
2023-08-25,4387.3750
2023-08-28,4427.2700
2023-08-29,4465.9100
2023-08-30,4507.6200
2023-08-31,4519.8250
2023-09-01,4521.3000
2023-09-05,4505.1500
2023-09-06,4466.3650
2023-09-07,4444.1350
2023-09-08,4460.9550
2023-09-11,4479.3300
2023-09-12,4471.9700
2023-09-13,4466.4550
2023-09-14,4495.3400
2023-09-15,4472.5950
2023-09-18,4454.2350
2023-09-19,4433.2300
2023-09-20,4431.2050
2023-09-21,4352.4350
2023-09-22,4336.9450
2023-09-25,4320.6050
2023-09-26,4289.4950
2023-09-27,4265.3500
2023-09-28,4290.8250
2023-09-29,4304.0050
2023-10-02,4280.3950
2023-10-03,4248.8000
2023-10-04,4244.4900
2023-10-05,4246.5200
2023-10-06,4271.8250
2023-10-09,4312.7600
2023-10-10,4362.5500
2023-10-11,4361.9900
2023-10-12,4355.6400
2023-10-13,4344.5350
2023-10-16,4362.8500
2023-10-17,4365.5550
2023-10-18,4334.0200
2023-10-19,4304.6150
2023-10-20,4249.7950
2023-10-23,4222.5300
2023-10-24,4239.4050
2023-10-25,4206.9200
2023-10-26,4155.7500
2023-10-27,4130.2400
2023-10-30,4155.2050
2023-10-31,4174.3350
2023-11-01,4221.6900
2023-11-02,4293.9900
2023-11-03,4353.9250
2023-11-06,4359.8700
2023-11-07,4370.8350
2023-11-08,4375.4800
2023-11-09,4368.6700
2023-11-10,4385.6850
2023-11-13,4407.7900
2023-11-14,4483.8200
2023-11-15,4508.2400
2023-11-16,4499.9100
2023-11-17,4509.8900
2023-11-20,4533.7350
2023-11-21,4533.8250
2023-11-22,4556.7400
2023-11-24,4556.5550
2023-11-27,4553.4200
2023-11-28,4554.3250
2023-11-29,4567.3950
2023-11-30,4553.5650
2023-12-01,4577.0500
2023-12-04,4559.5450
2023-12-05,4565.1200
2023-12-06,4568.6200
2023-12-07,4578.0700
2023-12-08,4591.6450
2023-12-11,4608.5500
2023-12-12,4626.0100
2023-12-13,4676.4600
2023-12-14,4716.4550
2023-12-15,4715.1100
2023-12-18,4737.5500
2023-12-19,4756.2050
2023-12-20,4737.9150
2023-12-21,4728.5300
2023-12-22,4754.8550
2023-12-26,4771.5850
2023-12-27,4777.1450
2023-12-28,4787.1400
2023-12-29,4770.2100
2024-01-02,4738.5000
2024-01-03,4714.5000
2024-01-04,4707.1550
2024-01-05,4701.8000
2024-01-08,4732.1800
2024-01-09,4747.9100
2024-01-10,4773.5000
2024-01-11,4769.0400
2024-01-12,4785.6900
2024-01-16,4764.7300
2024-01-17,4729.5250
2024-01-18,4763.1800
2024-01-19,4813.9700
2024-01-22,4856.2300
2024-01-23,4855.4250
2024-01-24,4884.8100
2024-01-25,4883.7450
2024-01-26,4894.0800
2024-01-29,4908.3550
2024-01-30,4923.6800
2024-01-31,4875.9500
2024-02-01,4880.2450
2024-02-02,4941.6400
2024-02-05,4937.6400
2024-02-06,4946.3250
2024-02-07,4984.4700
2024-02-08,4993.7450
2024-02-09,5015.2000
2024-02-12,5032.6100
2024-02-13,4945.8050
2024-02-14,4979.4850
2024-02-15,5016.0800
2024-02-16,5019.1100
2024-02-20,4974.3650
2024-02-21,4964.6050
2024-02-22,5066.6100
2024-02-23,5096.2600
2024-02-26,5083.2850
2024-02-27,5068.9900
2024-02-28,5067.8600
2024-02-29,5083.4400
2024-03-01,5117.2450
2024-03-04,5138.4250
2024-03-05,5085.6800
2024-03-06,5110.0950
2024-03-07,5146.9150
2024-03-08,5153.3800
2024-03-11,5107.9000
2024-03-12,5147.1750
2024-03-13,5165.5100
2024-03-14,5150.0750
2024-03-15,5120.6050
2024-03-18,5160.5350
2024-03-19,5155.9500
2024-03-20,5198.8700
2024-03-21,5250.8800
2024-03-22,5237.9800
2024-03-25,5222.5900
2024-03-26,5219.2900
2024-03-27,5231.5900
2024-03-28,5255.3350
2024-04-01,5246.5750
2024-04-02,5196.1950
2024-04-03,5211.5600
2024-04-04,5201.3250
2024-04-05,5189.6950
2024-04-08,5208.4600
2024-04-09,5192.7950
2024-04-10,5158.5650
2024-04-11,5175.2750
2024-04-12,5141.4850
2024-04-15,5110.4500
2024-04-16,5059.8350
2024-04-17,5042.6050
2024-04-18,5029.2750
2024-04-19,4986.2900
2024-04-22,5004.1200
2024-04-23,5052.0400
2024-04-24,5068.2500
2024-04-25,5024.1650
2024-04-26,5093.8800
2024-04-29,5106.0700
2024-04-30,5073.0700
2024-05-01,5054.7850
2024-05-02,5042.1300
2024-05-03,5120.1700
2024-05-06,5161.7100
2024-05-07,5189.5950
2024-05-08,5178.9050
2024-05-09,5197.8550
2024-05-10,5224.6700
2024-05-13,5224.2100
2024-05-14,5234.1750
2024-05-15,5287.5100
2024-05-16,5310.8400
2024-05-17,5294.5200
2024-05-20,5313.8600
2024-05-21,5311.0950
2024-05-22,5304.5950
2024-05-23,5299.4050
2024-05-24,5295.0200
2024-05-28,5298.4000
2024-05-29,5272.4850
2024-05-30,5241.1550
2024-05-31,5236.0050
2024-06-03,5268.2150
2024-06-04,5278.2150
2024-06-05,5325.9000
2024-06-06,5348.8550
2024-06-07,5353.2050
2024-06-10,5348.6550
2024-06-11,5351.6000
2024-06-12,5428.1900
2024-06-13,5422.2200
2024-06-14,5418.0700
2024-06-17,5454.4500
2024-06-18,5480.8500
2024-06-20,5480.5450
2024-06-21,5465.1700
2024-06-24,5469.1250
2024-06-25,5459.7200
2024-06-26,5467.5050
2024-06-27,5479.1750
2024-06-28,5487.3800
2024-07-01,5463.0400
2024-07-02,5484.0600
2024-07-03,5523.3450
2024-07-05,5550.9800
2024-07-08,5572.8100
2024-07-09,5582.6600
2024-07-10,5610.9150
2024-07-11,5609.4900
2024-07-12,5623.0000
2024-07-15,5640.8450
2024-07-16,5654.3450
2024-07-17,5603.6500
2024-07-18,5568.4300
2024-07-19,5527.2700
2024-07-22,5549.7000
2024-07-23,5568.1200
2024-07-24,5464.0100
2024-07-25,5441.2700
2024-07-26,5459.5100
2024-07-29,5466.0900
2024-07-30,5445.5800
2024-07-31,5522.6300
2024-08-01,5488.2900
2024-08-02,5342.9600
2024-08-05,5185.0750
2024-08-06,5252.9500
2024-08-07,5263.0900
2024-08-08,5280.9400
2024-08-09,5329.7550
2024-08-12,5347.7850
2024-08-13,5406.7400
2024-08-14,5439.5650
2024-08-15,5523.6800
2024-08-16,5543.5750
2024-08-19,5579.5200
2024-08-20,5603.0050
2024-08-21,5612.1250
2024-08-22,5602.0850
2024-08-23,5613.4900
2024-08-26,5626.9800
2024-08-27,5612.3300
2024-08-28,5593.9900
2024-08-29,5615.3300
2024-08-30,5616.5800
2024-09-03,5564.1100
2024-09-04,5528.3250
2024-09-05,5513.4200
2024-09-06,5462.5450
2024-09-09,5459.3450
2024-09-10,5469.8150
2024-09-11,5483.6850
2024-09-12,5568.1050
2024-09-13,5618.9600
2024-09-16,5620.2900
2024-09-17,5642.4300
2024-09-18,5652.4150
2024-09-19,5709.9950
2024-09-20,5694.8150
2024-09-23,5714.7900
2024-09-24,5717.1550
2024-09-25,5726.5450
2024-09-26,5744.1900
2024-09-27,5745.5600
2024-09-30,5734.3350
2024-10-01,5719.5050
2024-10-02,5696.8150
2024-10-03,5698.0750
2024-10-04,5728.0200
2024-10-07,5713.0950
2024-10-08,5736.0800
2024-10-09,5770.9100
2024-10-10,5779.8950
2024-10-11,5798.6100
2024-10-14,5850.4900
2024-10-15,5837.4200
2024-10-16,5827.4300
2024-10-17,5859.3550
2024-10-18,5859.1400
2024-10-21,5845.8550
2024-10-22,5842.1050
2024-10-23,5798.6300
2024-10-24,5801.3600
2024-10-25,5831.4000
2024-10-28,5833.0000
2024-10-29,5824.6800
2024-10-30,5831.1100
2024-10-31,5739.1000
2024-11-01,5747.8700
2024-11-04,5718.9700
2024-11-05,5752.7700
2024-11-06,5900.5150
2024-11-07,5965.5250
2024-11-08,5994.6050
2024-11-11,6002.0000
2024-11-12,5985.0000
2024-11-13,5987.0500
2024-11-14,5968.0800
2024-11-15,5884.1650
2024-11-18,5887.0350
2024-11-19,5889.4000
2024-11-20,5890.6150
2024-11-21,5925.2900
2024-11-22,5958.6300
2024-11-25,5992.3300
2024-11-26,6008.8450
2024-11-27,6002.5150
2024-11-29,6024.0750
2024-12-02,6044.4550
2024-12-03,6042.7300
2024-12-04,6075.4500
2024-12-05,6083.7250
2024-12-06,6089.9750
2024-12-09,6068.5700
2024-12-10,6047.6450
2024-12-11,6076.3700
2024-12-12,6065.4650
2024-12-13,6057.1750
2024-12-16,6072.1650
2024-12-17,6046.4350
2024-12-18,5969.2300
2024-12-19,5900.7950
2024-12-20,5907.1800
2024-12-23,5940.4100
2024-12-24,6010.7700
2024-12-26,6028.5600
2024-12-27,5969.5600
2024-12-30,5904.9750
2024-12-31,5899.3000
2025-01-02,5882.3100
2025-01-03,5919.0000
2025-01-06,5990.5250
2025-01-07,5945.6800
2025-01-08,5901.3350
2025-01-10,5849.0650
2025-01-13,5805.9600
2025-01-14,5838.6700
2025-01-15,5932.9100
2025-01-16,5947.7050
2025-01-17,5996.7000
2025-01-21,6029.1950
2025-01-22,6088.4700
2025-01-23,6096.7000
2025-01-24,6108.4600
2025-01-27,5990.0450
2025-01-28,6034.5850
2025-01-29,6037.8950
2025-01-30,6057.0500
2025-01-31,6075.9200
2025-02-03,5973.0300
2025-02-04,6016.6750
2025-02-05,6034.9600
2025-02-06,6065.4300
2025-02-07,6060.6200
2025-02-10,6059.1100
2025-02-11,6059.3100
2025-02-12,6033.0000
2025-02-13,6083.9300
2025-02-14,6117.5450
2025-02-18,6114.5700
2025-02-19,6129.2900
2025-02-20,6109.5450
2025-02-21,6061.6900
2025-02-24,6010.7400
2025-02-25,5950.5700
2025-02-26,5971.2550
2025-02-27,5926.2350
2025-02-28,5898.5300
2025-03-03,5898.5000
2025-03-04,5798.8350
2025-03-05,5801.4700
2025-03-06,5761.8600
2025-03-07,5724.6500
2025-03-10,5634.6950
2025-03-11,5582.3550
2025-03-12,5594.1400
2025-03-13,5551.2150
2025-03-14,5604.5600
2025-03-17,5667.3200
2025-03-18,5626.1450
2025-03-19,5668.7650
2025-03-20,5671.7400
2025-03-21,5636.9700
2025-03-24,5746.6100
2025-03-25,5773.6850
2025-03-26,5739.0150
2025-03-27,5701.6100
2025-03-28,5629.1550
2025-03-31,5558.1450
2025-04-01,5604.5450
2025-04-02,5633.3950
2025-04-03,5445.1800
2025-04-04,5181.0200
2025-04-07,5040.8050
2025-04-08,5088.9450
2025-04-09,5214.8850
2025-04-10,5234.2100
2025-04-11,5301.1150
2025-04-14,5408.7400
2025-04-15,5418.4250
2025-04-16,5294.0150
2025-04-17,5291.9450
2025-04-21,5167.2850
2025-04-22,5258.6400
2025-04-23,5412.9300
2025-04-24,5430.6800
2025-04-25,5491.9850
2025-04-28,5511.1500
2025-04-29,5538.8250
2025-04-30,5507.5400
2025-05-01,5628.1300
2025-05-02,5671.4900
2025-05-05,5658.9300
2025-05-06,5617.8100
2025-05-07,5616.6850
2025-05-08,5677.7400
2025-05-09,5667.9200
2025-05-12,5815.7250
2025-05-13,5875.8300
2025-05-14,5889.3300
2025-05-15,5894.6850
2025-05-16,5932.9900
2025-05-19,5932.1500
2025-05-20,5931.1600
2025-05-21,5884.6400
2025-05-22,5851.9500
2025-05-23,5798.4600
2025-05-27,5889.2000
2025-05-28,5910.9000
2025-05-29,5908.4650
2025-05-30,5882.9000
2025-06-02,5899.4150
2025-06-03,5955.1750
2025-06-04,5978.2950
2025-06-05,5960.4500
2025-06-06,5997.7500
2025-06-09,6007.7450
2025-06-10,6021.6450
2025-06-11,6030.8600
2025-06-12,6024.6550
2025-06-13,5994.6850
2025-06-16,6027.4150
2025-06-17,5999.0250
2025-06-18,5995.0700
2025-06-20,5985.3800
2025-06-23,5986.0000
2025-06-24,6080.5050
2025-06-25,6094.3000
2025-06-26,6126.8950
2025-06-27,6160.0150
2025-06-30,6195.0250
2025-07-01,6194.3750
2025-07-02,6207.9450
2025-07-03,6265.5550
2025-07-07,6231.5350
2025-07-08,6230.2250
2025-07-09,6250.2950
2025-07-10,6270.8300
2025-07-11,6253.5200
2025-07-14,6256.2650
2025-07-15,6271.8600
2025-07-16,6234.8550
2025-07-17,6283.4800
2025-07-18,6300.4400
2025-07-21,6319.9350
2025-07-22,6298.9150
2025-07-23,6339.0650
2025-07-24,6370.9400
2025-07-25,6382.1750
2025-07-28,6388.4300
2025-07-29,6386.5900
2025-07-30,6366.4600
2025-07-31,6377.3300
2025-08-01,6249.9850
2025-08-04,6301.2000
2025-08-05,6317.6850
2025-08-06,6326.9700
2025-08-07,6350.0150
2025-08-08,6375.1900
2025-08-11,6385.6550
2025-08-12,6416.1550
2025-08-13,6462.6500
2025-08-14,6457.4950
2025-08-15,6461.5950
2025-08-18,6446.5250
2025-08-19,6428.3500
2025-08-20,6376.1300
2025-08-21,6373.1800
2025-08-22,6431.7400
2025-08-25,6452.4750
2025-08-26,6448.7900
2025-08-27,6472.4500
2025-08-28,6487.5950
2025-08-29,6468.1650
