combo_id,status,best_val_loss,attention_type,batch_size,d_hidden,d_mlp,dropout,epochs,loss,lr,n_blocks,n_head,norm,patch_size,patience,pe,spatial_pe,weight_decay
combo_0000,completed,0.1147736527400309,kronecker_sum,128,32,32,0.3,100,mse,0.001,2,4,off,3,15,rope,none,0.001
combo_0001,completed,0.1191936038725869,kronecker_sum,128,32,32,0.3,100,mse,0.01,2,4,off,3,15,rope,none,0.001
combo_0002,completed,0.1133208767661835,kronecker_sum,128,32,64,0.3,100,mse,0.001,2,4,off,3,15,rope,none,0.001
combo_0003,completed,0.1148613023691337,kronecker_sum,128,32,64,0.3,100,mse,0.01,2,4,off,3,15,rope,none,0.001
combo_0004,completed,0.118221035965994,kronecker_sum,128,32,32,0.3,100,mse,0.001,4,4,off,3,15,rope,none,0.001
combo_0005,completed,0.1189158435640388,kronecker_sum,128,32,32,0.3,100,mse,0.01,4,4,off,3,15,rope,none,0.001
combo_0006,completed,0.1225460220815083,kronecker_sum,128,32,64,0.3,100,mse,0.001,4,4,off,3,15,rope,none,0.001
combo_0007,completed,0.1165287612869752,kronecker_sum,128,32,64,0.3,100,mse,0.01,4,4,off,3,15,rope,none,0.001
combo_0008,completed,0.1153241260258179,kronecker_sum,128,32,32,0.3,100,mse,0.001,2,4,off,9,15,rope,none,0.001
combo_0009,completed,0.1252207150838894,kronecker_sum,128,32,32,0.3,100,mse,0.01,2,4,off,9,15,rope,none,0.001
combo_0010,completed,0.1165758383007688,kronecker_sum,128,32,64,0.3,100,mse,0.001,2,4,off,9,15,rope,none,0.001
combo_0011,completed,0.117243531779204,kronecker_sum,128,32,64,0.3,100,mse,0.01,2,4,off,9,15,rope,none,0.001
combo_0012,completed,0.1146260421702315,kronecker_sum,128,32,32,0.3,100,mse,0.001,4,4,off,9,15,rope,none,0.001
combo_0013,completed,0.1168328423739811,kronecker_sum,128,32,32,0.3,100,mse,0.01,4,4,off,9,15,rope,none,0.001
combo_0014,completed,0.1156974489795429,kronecker_sum,128,32,64,0.3,100,mse,0.001,4,4,off,9,15,rope,none,0.001
combo_0015,completed,0.1206127115468073,kronecker_sum,128,32,64,0.3,100,mse,0.01,4,4,off,9,15,rope,none,0.001
combo_0016,completed,0.1207619298603281,kronecker_sum,128,32,32,0.3,100,mse,0.001,2,4,off,3,15,rope,lape,0.001
combo_0017,completed,0.1097262922112502,kronecker_sum,128,32,32,0.3,100,mse,0.01,2,4,off,3,15,rope,lape,0.001
combo_0018,completed,0.1185673975578233,kronecker_sum,128,32,64,0.3,100,mse,0.001,2,4,off,3,15,rope,lape,0.001
combo_0019,completed,0.1115287086151165,kronecker_sum,128,32,64,0.3,100,mse,0.01,2,4,off,3,15,rope,lape,0.001
combo_0020,completed,0.1178367247794593,kronecker_sum,128,32,32,0.3,100,mse,0.001,4,4,off,3,15,rope,lape,0.001
combo_0021,completed,0.1159848150427781,kronecker_sum,128,32,32,0.3,100,mse,0.01,4,4,off,3,15,rope,lape,0.001
combo_0022,completed,0.1144293097976865,kronecker_sum,128,32,64,0.3,100,mse,0.001,4,4,off,3,15,rope,lape,0.001
combo_0023,completed,0.1109041008869363,kronecker_sum,128,32,64,0.3,100,mse,0.01,4,4,off,3,15,rope,lape,0.001
combo_0024,completed,0.1121935127667208,kronecker_sum,128,32,32,0.3,100,mse,0.001,2,4,off,9,15,rope,lape,0.001
combo_0025,completed,0.109537403343776,kronecker_sum,128,32,32,0.3,100,mse,0.01,2,4,off,9,15,rope,lape,0.001
combo_0026,completed,0.1082267250928133,kronecker_sum,128,32,64,0.3,100,mse,0.001,2,4,off,9,15,rope,lape,0.001
combo_0027,completed,0.1095894710811156,kronecker_sum,128,32,64,0.3,100,mse,0.01,2,4,off,9,15,rope,lape,0.001
combo_0028,completed,0.1120622575949024,kronecker_sum,128,32,32,0.3,100,mse,0.001,4,4,off,9,15,rope,lape,0.001
combo_0029,completed,0.1044027820312777,kronecker_sum,128,32,32,0.3,100,mse,0.01,4,4,off,9,15,rope,lape,0.001
combo_0030,completed,0.1151422725043483,kronecker_sum,128,32,64,0.3,100,mse,0.001,4,4,off,9,15,rope,lape,0.001
combo_0031,completed,0.1063014140675187,kronecker_sum,128,32,64,0.3,100,mse,0.01,4,4,off,9,15,rope,lape,0.001
combo_0032,completed,0.1123068083764454,kronecker_sum,128,32,32,0.3,100,mse,0.001,2,4,off,3,15,rope,sin2d,0.001
combo_0033,completed,0.1083441048694056,kronecker_sum,128,32,32,0.3,100,mse,0.01,2,4,off,3,15,rope,sin2d,0.001
combo_0034,completed,0.1171202294153874,kronecker_sum,128,32,64,0.3,100,mse,0.001,2,4,off,3,15,rope,sin2d,0.001
combo_0035,completed,0.1121204741840256,kronecker_sum,128,32,64,0.3,100,mse,0.01,2,4,off,3,15,rope,sin2d,0.001
combo_0036,completed,0.1152129212404762,kronecker_sum,128,32,32,0.3,100,mse,0.001,4,4,off,3,15,rope,sin2d,0.001
combo_0037,completed,0.1104239376064119,kronecker_sum,128,32,32,0.3,100,mse,0.01,4,4,off,3,15,rope,sin2d,0.001
combo_0038,completed,0.1147605417161014,kronecker_sum,128,32,64,0.3,100,mse,0.001,4,4,off,3,15,rope,sin2d,0.001
combo_0039,completed,0.1105767565066588,kronecker_sum,128,32,64,0.3,100,mse,0.01,4,4,off,3,15,rope,sin2d,0.001
combo_0040,completed,0.1063661894152284,kronecker_sum,128,32,32,0.3,100,mse,0.001,2,4,off,9,15,rope,sin2d,0.001
combo_0041,completed,0.1108296257990032,kronecker_sum,128,32,32,0.3,100,mse,0.01,2,4,off,9,15,rope,sin2d,0.001
combo_0042,completed,0.1040393904101249,kronecker_sum,128,32,64,0.3,100,mse,0.001,2,4,off,9,15,rope,sin2d,0.001
combo_0043,completed,0.1127153786534037,kronecker_sum,128,32,64,0.3,100,mse,0.01,2,4,off,9,15,rope,sin2d,0.001
combo_0044,completed,0.1132687923795018,kronecker_sum,128,32,32,0.3,100,mse,0.001,4,4,off,9,15,rope,sin2d,0.001
combo_0045,completed,0.1082860241389141,kronecker_sum,128,32,32,0.3,100,mse,0.01,4,4,off,9,15,rope,sin2d,0.001
combo_0046,completed,0.1121662158373347,kronecker_sum,128,32,64,0.3,100,mse,0.001,4,4,off,9,15,rope,sin2d,0.001
combo_0047,completed,0.1122927292765185,kronecker_sum,128,32,64,0.3,100,mse,0.01,4,4,off,9,15,rope,sin2d,0.001
