i_tau,j_moneyness,tau,moneyness,fill_rate,fail_neff_rate,fail_share_rate,fail_div_rate,mean_neff,mean_share,mean_nobs_in_2sigma_band
0,0,0.082192,-0.1,0.0,0.0,0.0,0.0,165.5573361257226,0.05689733296555812,208.1176146788991
0,1,0.082192,-0.085714,0.0,0.0,0.0,0.0,178.51788882157132,0.05361201486360669,226.2269724770642
0,2,0.082192,-0.071429,0.0,0.0,0.0,0.0,193.32674988131163,0.05102029161007879,246.55963302752295
0,3,0.082192,-0.057143,0.0,0.0,0.0,0.0,212.47735151270345,0.04815367782967752,268.4550458715596
0,4,0.082192,-0.042857,0.0,0.0,0.0,0.0,255.46796612999867,0.04289343459025265,321.51633027522934
0,5,0.082192,-0.028571,0.0,0.0,0.0,0.0,329.06398557386234,0.03331116715255557,422.4097247706422
0,6,0.082192,-0.014286,0.0,0.0,0.0,0.0,384.7438151535803,0.02524173229831134,513.2983486238533
0,7,0.082192,0.0,0.0,0.0,0.0,0.0,410.8049034987962,0.02268828782718979,542.2783486238532
0,8,0.082192,0.014286,0.0,0.0,0.0,0.0,363.51774892805525,0.025119705390956006,492.01798165137615
0,9,0.082192,0.028571,0.0,0.0,0.0,0.0,296.69096562997487,0.03202977145760465,383.01449541284404
0,10,0.082192,0.042857,0.0,0.0,0.0,0.0,225.8846761633837,0.03989905584615351,267.9667889908257
0,11,0.082192,0.057143,0.0,0.0,0.0,0.0,175.32715719040183,0.04497349443025325,202.06201834862387
0,12,0.082192,0.071429,0.0,0.0,0.0,0.0,148.15944074549108,0.05122502904159942,165.542752293578
0,13,0.082192,0.085714,0.0,0.0,0.0,0.0,123.55119988123974,0.06407166463984633,131.42330275229358
0,14,0.082192,0.1,0.0014678899082568807,0.0014678899082568807,0.0001834862385321101,0.0,99.79880956678656,0.0839638911904314,102.9359633027523
1,0,0.108493,-0.1,0.0,0.0,0.0,0.0,167.40890237162245,0.05503517456594907,216.97963302752294
1,1,0.108493,-0.085714,0.0,0.0,0.0,0.0,178.55685221285998,0.05194144754272719,233.67467889908258
1,2,0.108493,-0.071429,0.0,0.0,0.0,0.0,191.33022240815703,0.049206023169320406,252.04146788990826
1,3,0.108493,-0.057143,0.0,0.0,0.0,0.0,208.16935576323684,0.046140176710166465,271.6064220183486
1,4,0.108493,-0.042857,0.0,0.0,0.0,0.0,247.77001999124695,0.040762637012599495,322.1330275229358
1,5,0.108493,-0.028571,0.0,0.0,0.0,0.0,320.0588487124211,0.031310550768220514,420.5954128440367
1,6,0.108493,-0.014286,0.0,0.0,0.0,0.0,376.6179120482586,0.023427713435036294,510.1730275229358
1,7,0.108493,0.0,0.0,0.0,0.0,0.0,404.8749681578145,0.020850292922263296,539.7853211009175
1,8,0.108493,0.014286,0.0,0.0,0.0,0.0,358.2888432496335,0.023124008871176188,491.7289908256881
1,9,0.108493,0.028571,0.0,0.0,0.0,0.0,290.5250118164435,0.02996992496805795,386.2926605504587
1,10,0.108493,0.042857,0.0,0.0,0.0,0.0,217.47817664216507,0.03838790191117327,275.06256880733946
1,11,0.108493,0.057143,0.0,0.0,0.0,0.0,170.97172020434354,0.04419230101040828,211.85522935779815
1,12,0.108493,0.071429,0.0,0.0,0.0,0.0,146.97517630894504,0.04965918017116881,176.88220183486237
1,13,0.108493,0.085714,0.0,0.0,0.0,0.0,124.89240809903944,0.05910574302651698,142.89009174311926
1,14,0.108493,0.1,0.0001834862385321101,0.0001834862385321101,0.0,0.0,102.81116138486482,0.0745510645359949,113.59853211009174
2,0,0.143211,-0.1,0.0,0.0,0.0,0.0,164.94158914285146,0.0574560595094364,218.73009174311926
2,1,0.143211,-0.085714,0.0,0.0,0.0,0.0,174.21890724136557,0.05400305140876514,232.41522935779815
2,2,0.143211,-0.071429,0.0,0.0,0.0,0.0,184.21294513726755,0.05064836114108301,246.81981651376148
2,3,0.143211,-0.057143,0.0,0.0,0.0,0.0,197.11711739075386,0.04726694229681779,261.86770642201833
2,4,0.143211,-0.042857,0.0,0.0,0.0,0.0,230.35770707602958,0.04150662354627657,305.7456880733945
2,5,0.143211,-0.028571,0.0,0.0,0.0,0.0,296.6503904897759,0.03162051149031838,394.9275229357798
2,6,0.143211,-0.014286,0.0,0.0,0.0,0.0,350.67281007134517,0.023424029851358476,477.31688073394497
2,7,0.143211,0.0,0.0,0.0,0.0,0.0,379.22038187686877,0.020689616624169023,506.20642201834863
2,8,0.143211,0.014286,0.0,0.0,0.0,0.0,336.5530473299728,0.02296653079493381,464.3722935779817
2,9,0.143211,0.028571,0.0,0.0,0.0,0.0,273.7730683218373,0.030219489637929007,370.28605504587154
2,10,0.143211,0.042857,0.0,0.0,0.0,0.0,205.11675756032813,0.03939641313413094,270.911376146789
2,11,0.143211,0.057143,0.0,0.0,0.0,0.0,164.14671555796184,0.046472145589882496,214.8611009174312
2,12,0.143211,0.071429,0.0,0.0,0.0,0.0,142.43484894314088,0.05302226396235923,183.49137614678898
2,13,0.143211,0.085714,0.0,0.0,0.0,0.0,121.95548449105488,0.06079060998511609,151.0291743119266
2,14,0.143211,0.1,0.0,0.0,0.0,0.0,101.48863130464069,0.07220486572627324,121.79834862385322
3,0,0.189039,-0.1,0.0,0.0,0.0,0.0,158.06212618238567,0.0630158339527421,209.2732110091743
3,1,0.189039,-0.085714,0.0,0.0,0.0,0.0,165.8666083746315,0.05950521186029154,219.48844036697247
3,2,0.189039,-0.071429,0.0,0.0,0.0,0.0,173.61029045926017,0.055788952422053645,229.32036697247707
3,3,0.189039,-0.057143,0.0,0.0,0.0,0.0,183.03223375971766,0.051904434748228916,238.6194495412844
3,4,0.189039,-0.042857,0.0,0.0,0.0,0.0,209.81720565201775,0.045568458645995215,272.66587155963305
3,5,0.189039,-0.028571,0.0,0.0,0.0,0.0,267.5261774491391,0.034765020058883406,346.81412844036697
3,6,0.189039,-0.014286,0.0,0.0,0.0,0.0,316.3108777159579,0.02563190629590821,417.15577981651376
3,7,0.189039,0.0,0.0,0.0,0.0,0.0,343.97155843266876,0.022589577221537465,444.30550458715595
3,8,0.189039,0.014286,0.0,0.0,0.0,0.0,307.7100015503453,0.025123767201303104,411.4822018348624
3,9,0.189039,0.028571,0.0,0.0,0.0,0.0,252.79686139267562,0.03351634234783988,334.0062385321101
3,10,0.189039,0.042857,0.0,0.0,0.0,0.0,190.35433963723986,0.043945072522303945,251.17596330275228
3,11,0.189039,0.057143,0.0,0.0,0.0,0.0,153.97599968345548,0.051987029257373966,204.10146788990826
3,12,0.189039,0.071429,0.0,0.0,0.0,0.0,133.99791198465587,0.058517392302136866,177.40440366972476
3,13,0.189039,0.085714,0.0,0.0,0.0,0.0,114.95612312866783,0.06523855643937483,148.36605504587155
3,14,0.189039,0.1,0.0,0.0,0.0,0.0,96.24632817158401,0.07491779083467671,121.51981651376147
4,0,0.249532,-0.1,0.0,0.0,0.0,0.0,143.7639279553518,0.06813887167639163,197.9218348623853
4,1,0.249532,-0.085714,0.0,0.0,0.0,0.0,150.42956858635185,0.064692477496105,206.35284403669723
4,2,0.249532,-0.071429,0.0,0.0,0.0,0.0,156.7619476341323,0.06064756900511173,213.98752293577982
4,3,0.249532,-0.057143,0.0,0.0,0.0,0.0,164.14107025863444,0.05686286934394645,220.47009174311927
4,4,0.249532,-0.042857,0.0,0.0,0.0,0.0,186.22211227280275,0.05038506476058232,248.55743119266054
4,5,0.249532,-0.028571,0.0,0.0,0.0,0.0,235.83896476468692,0.03917952657503325,312.6302752293578
4,6,0.249532,-0.014286,0.0,0.0,0.0,0.0,278.63419895245795,0.028997738815977857,374.965871559633
4,7,0.249532,0.0,0.0,0.0,0.0,0.0,304.2191954848502,0.025631400285586355,400.38532110091745
4,8,0.249532,0.014286,0.0,0.0,0.0,0.0,273.81472810881786,0.02846408978429653,373.031376146789
4,9,0.249532,0.028571,0.0,0.0,0.0,0.0,225.9514674239372,0.03813785735469171,306.18752293577984
4,10,0.249532,0.042857,0.0,0.0,0.0,0.0,170.37112033412814,0.049726320470737856,233.5880733944954
4,11,0.249532,0.057143,0.0,0.0,0.0,0.0,138.89295835809799,0.05887772855032021,192.1691743119266
4,12,0.249532,0.071429,0.0,0.0,0.0,0.0,121.23613979569072,0.06608259440577313,168.6856880733945
4,13,0.249532,0.085714,0.0,0.0,0.0,0.0,104.19045105836044,0.07307081935034741,142.5240366972477
4,14,0.249532,0.1,0.0,0.0,0.0,0.0,87.70951342327517,0.08166730556543526,117.96440366972477
5,0,0.329383,-0.1,0.0,0.0,0.0,0.0,123.79659730339186,0.07602555301347884,168.91247706422018
5,1,0.329383,-0.085714,0.0,0.0,0.0,0.0,129.22877895943938,0.07276972364476028,175.3188990825688
5,2,0.329383,-0.071429,0.0,0.0,0.0,0.0,134.38859835739294,0.06889739423795513,181.1056880733945
5,3,0.329383,-0.057143,0.0,0.0,0.0,0.0,140.40444328747452,0.06570751800697046,186.05577981651376
5,4,0.329383,-0.042857,0.0,0.0,0.0,0.0,158.66916764897005,0.059292339121151776,209.10091743119267
5,5,0.329383,-0.028571,0.0,0.0,0.0,0.0,200.5086430353561,0.04722982561384247,262.3049541284404
5,6,0.329383,-0.014286,0.0,0.0,0.0,0.0,236.88833863566023,0.03539152208559494,314.2906422018349
5,7,0.329383,0.0,0.0,0.0,0.0,0.0,259.12575068548443,0.031390039523442895,335.645504587156
5,8,0.329383,0.014286,0.0,0.0,0.0,0.0,233.74831242902974,0.03496660137228213,313.0066055045871
5,9,0.329383,0.028571,0.0,0.0,0.0,0.0,193.14667748273422,0.046367828797156736,257.7062385321101
5,10,0.329383,0.042857,0.0,0.0,0.0,0.0,146.09659273524247,0.05967006883461496,197.99926605504587
5,11,0.329383,0.057143,0.0,0.0,0.0,0.0,120.18988136608566,0.06864357073412203,164.7981651376147
5,12,0.329383,0.071429,0.0,0.0,0.0,0.0,105.37228514851977,0.07475581298636667,146.92788990825687
5,13,0.329383,0.085714,0.0,0.0,0.0,0.0,91.07721064078152,0.07996496811033005,126.41522935779817
5,14,0.329383,0.1,0.0,0.0,0.0,0.0,77.50616089233907,0.08710080317650581,106.59119266055046
6,0,0.434787,-0.1,0.0,0.0,0.0,0.0,103.43955808416857,0.08035190821177887,145.37798165137616
6,1,0.434787,-0.085714,0.0,0.0,0.0,0.0,107.50322041838054,0.07739890916465014,150.40330275229357
6,2,0.434787,-0.071429,0.0,0.0,0.0,0.0,111.40888648362224,0.07453497322614858,155.09779816513762
6,3,0.434787,-0.057143,0.0,0.0,0.0,0.0,116.0868379575762,0.07250048927877784,159.20055045871558
6,4,0.434787,-0.042857,0.0,0.0,0.0,0.0,130.72188401270125,0.06664279117355178,178.7354128440367
6,5,0.434787,-0.028571,0.0,0.0,0.0,0.0,164.9247497208894,0.05423103858295039,224.0097247706422
6,6,0.434787,-0.014286,0.0,0.0,0.0,0.0,194.8773144229376,0.04118201060548203,268.31119266055043
6,7,0.434787,0.0,0.0,0.0,0.0,0.0,213.37662724075818,0.03655448257811116,286.5460550458716
6,8,0.434787,0.014286,0.0,0.0,0.0,0.0,192.76566725462666,0.04086851198996369,267.39504587155966
6,9,0.434787,0.028571,0.0,0.0,0.0,0.0,159.8025670426999,0.05352306878465795,220.57651376146788
6,10,0.434787,0.042857,0.0,0.0,0.0,0.0,121.70096163968829,0.06682345277669105,170.50238532110092
6,11,0.434787,0.057143,0.0,0.0,0.0,0.0,101.13295072649424,0.07396604631987283,143.59963302752294
6,12,0.434787,0.071429,0.0,0.0,0.0,0.0,89.36697148268189,0.0784730109919472,130.11449541284404
6,13,0.434787,0.085714,0.0,0.0,0.0,0.0,78.27536025674196,0.08246985420419033,114.38550458715596
6,14,0.434787,0.1,0.0,0.0,0.0,0.0,67.68990926202137,0.08790337400292683,98.66880733944954
7,0,0.573919,-0.1,0.0,0.0,0.0,0.0,82.16340791659592,0.0828462993683641,116.02825688073395
7,1,0.573919,-0.085714,0.0,0.0,0.0,0.0,85.19343356872886,0.08019324943111499,119.4056880733945
7,2,0.573919,-0.071429,0.0,0.0,0.0,0.0,88.08593271342927,0.07819819764563708,122.62678899082569
7,3,0.573919,-0.057143,0.0,0.0,0.0,0.0,91.55502818202265,0.07681395000978176,125.50532110091743
7,4,0.573919,-0.042857,0.0,0.0,0.0,0.0,102.76223765106069,0.07138670002082362,140.5275229357798
7,5,0.573919,-0.028571,0.0,0.0,0.0,0.0,129.62532197767263,0.05854689518192821,175.90697247706422
7,6,0.573919,-0.014286,0.0,0.0,0.0,0.0,153.29088488779473,0.044875346468993285,210.51119266055045
7,7,0.573919,0.0,0.0,0.0,0.0,0.0,167.95919519825878,0.03996816146476951,224.822752293578
7,8,0.573919,0.014286,0.0,0.0,0.0,0.0,151.95867812000387,0.044551381127965924,209.98
7,9,0.573919,0.028571,0.0,0.0,0.0,0.0,126.34262443973766,0.058132921280176955,173.35100917431194
7,10,0.573919,0.042857,0.0,0.0,0.0,0.0,96.456113721169,0.07126794238498338,134.49449541284403
7,11,0.573919,0.057143,0.0,0.0,0.0,0.0,80.58468170368073,0.07722320599663482,114.11596330275229
7,12,0.573919,0.071429,0.0,0.0,0.0,0.0,71.69663075563172,0.08044695500457992,104.59853211009174
7,13,0.573919,0.085714,0.0,0.0,0.0,0.0,63.472514180992505,0.08392377580056395,93.65284403669725
7,14,0.573919,0.1,0.0,0.0,0.0,0.0,55.47119131093357,0.08854843592352378,82.6062385321101
8,0,0.757575,-0.1,0.0001834862385321101,0.0001834862385321101,0.0,0.0,56.49492494269935,0.08961424487885163,85.2194495412844
8,1,0.757575,-0.085714,0.0,0.0,0.0,0.0,58.38153530287677,0.0876422337755759,87.30788990825688
8,2,0.757575,-0.071429,0.0,0.0,0.0,0.0,60.1805533111553,0.08597785501904863,89.25577981651377
8,3,0.757575,-0.057143,0.0,0.0,0.0,0.0,62.390707510932245,0.08414189084134882,90.92018348623853
8,4,0.757575,-0.042857,0.0,0.0,0.0,0.0,69.8336878382366,0.07876974495156812,101.39266055045871
8,5,0.757575,-0.028571,0.0,0.0,0.0,0.0,88.1194390753355,0.0647534687837492,126.7091743119266
8,6,0.757575,-0.014286,0.0,0.0,0.0,0.0,104.38855019303917,0.049467041641610435,151.74825688073395
8,7,0.757575,0.0,0.0,0.0,0.0,0.0,114.50997910020719,0.04434884058219175,162.2702752293578
8,8,0.757575,0.014286,0.0,0.0,0.0,0.0,103.82973928835959,0.04934690818876816,151.7521100917431
8,9,0.757575,0.028571,0.0,0.0,0.0,0.0,86.64958131946676,0.06428882934621048,125.4754128440367
8,10,0.757575,0.042857,0.0,0.0,0.0,0.0,66.6751755378541,0.07858562917391286,97.73834862385321
8,11,0.757575,0.057143,0.0,0.0,0.0,0.0,56.804889920684616,0.08434080728265393,83.60293577981652
8,12,0.757575,0.071429,0.0,0.0,0.0,0.0,51.74546686520108,0.08740718700634605,77.72311926605505
8,13,0.757575,0.085714,0.0,0.0,0.0,0.0,46.97536131358011,0.09127549047428633,71.11357798165137
8,14,0.757575,0.1,0.0,0.0,0.0,0.0,42.12559797850063,0.0957065223421652,64.271376146789
9,0,1.0,-0.1,0.0,0.0,0.0,0.0,38.23106019866539,0.105323825207555,52.88183486238532
9,1,1.0,-0.085714,0.0,0.0,0.0,0.0,39.23946375585949,0.10279858522650667,53.9948623853211
9,2,1.0,-0.071429,0.0,0.0,0.0,0.0,40.19889034717739,0.10112862122711941,55.08275229357798
9,3,1.0,-0.057143,0.0,0.0,0.0,0.0,41.46780306063898,0.0993163941043032,56.02733944954129
9,4,1.0,-0.042857,0.0,0.0,0.0,0.0,46.195380122364654,0.09333891506116605,62.41155963302752
9,5,1.0,-0.028571,0.0,0.0,0.0,0.0,58.134866375447785,0.07678110639580385,77.97944954128441
9,6,1.0,-0.014286,0.0,0.0,0.0,0.0,68.91491475808296,0.05878151642851737,93.47357798165137
9,7,1.0,0.0,0.0,0.0,0.0,0.0,75.76209426736754,0.052740367165104954,100.05247706422018
9,8,1.0,0.014286,0.0,0.0,0.0,0.0,69.01668404431119,0.05862709092818932,93.80532110091742
9,9,1.0,0.028571,0.0,0.0,0.0,0.0,58.196783206704055,0.07649151628494723,78.18642201834862
9,10,1.0,0.042857,0.0,0.0,0.0,0.0,45.762329440994556,0.09315445821139876,62.00183486238532
9,11,1.0,0.057143,0.0,0.0,0.0,0.0,40.20461030587847,0.09960371878874355,54.438715596330276
9,12,1.0,0.071429,0.0,0.0,0.0,0.0,37.72357678197406,0.10269563124066061,52.01100917431193
9,13,1.0,0.085714,0.0,0.0,0.0,0.0,35.18208506549336,0.10626482612745647,49.03467889908257
9,14,1.0,0.1,0.0,0.0,0.0,0.0,32.29728902664317,0.11189853082310423,45.50954128440367
