epoch,train_loss,val_loss,lr,epoch_time_s
1,0.13737050,0.17902823,0.001,1.033
2,0.12139642,0.17970941,0.001,1.028
3,0.12025369,0.17878639,0.001,1.039
4,0.11895637,0.18234927,0.001,1.043
5,0.11807159,0.17935338,0.001,1.031
6,0.11728287,0.17918081,0.001,1.057
7,0.11671590,0.17505276,0.001,1.037
8,0.11611678,0.17525291,0.001,1.035
9,0.11496765,0.17804297,0.001,1.061
10,0.11425808,0.17827580,0.001,1.070
11,0.11396465,0.17765477,0.001,1.080
12,0.11330714,0.17571702,0.001,1.040
13,0.11315882,0.17090665,0.001,1.042
14,0.11197813,0.17588188,0.001,1.044
15,0.11091966,0.17496680,0.001,1.030
16,0.11064489,0.17040016,0.001,1.029
17,0.10982952,0.17268146,0.001,1.054
18,0.10920713,0.17109183,0.001,1.050
19,0.10842075,0.17834386,0.001,1.058
20,0.10707712,0.17350935,0.001,1.049
21,0.10751508,0.17794266,0.001,1.048
22,0.10615393,0.17888123,0.001,1.049
23,0.10538685,0.17758269,0.001,1.058
24,0.10480732,0.18055297,0.001,1.048
25,0.10405310,0.17209636,0.001,1.049
26,0.10411424,0.17936945,0.001,1.054
27,0.10317634,0.17284449,0.001,1.052
28,0.10300618,0.17900661,0.001,1.057
29,0.10215684,0.17175299,0.001,1.067
30,0.10245849,0.17434420,0.001,1.050
31,0.10116801,0.17339268,0.001,1.057
