combo_id,status,best_val_loss,attn_dropout,batch_size,d_ff,d_model,dropout,epochs,head_dropout,loss,lr,n_heads,n_layers,padding_patch,patch_len,patience,revin,stride,weight_decay
combo_0000,completed,0.1269321361733548,0.0,128,128,32,0.2,100,0.0,mse,0.0003,2,1,end,7,15,off,7,0.0001
combo_0001,completed,0.1264058627895802,0.0,128,128,32,0.2,100,0.0,mse,0.001,2,1,end,7,15,off,7,0.0001
combo_0002,completed,0.12674712593662,0.0,128,256,32,0.2,100,0.0,mse,0.0003,2,1,end,7,15,off,7,0.0001
combo_0003,completed,0.1259956006064761,0.0,128,256,32,0.2,100,0.0,mse,0.001,2,1,end,7,15,off,7,0.0001
combo_0004,completed,0.1282951610381376,0.0,128,128,32,0.2,100,0.0,mse,0.0003,2,2,end,7,15,off,7,0.0001
combo_0005,completed,0.1258229165436835,0.0,128,128,32,0.2,100,0.0,mse,0.001,2,2,end,7,15,off,7,0.0001
combo_0006,completed,0.1257091119635704,0.0,128,256,32,0.2,100,0.0,mse,0.0003,2,2,end,7,15,off,7,0.0001
combo_0007,completed,0.1245893388986587,0.0,128,256,32,0.2,100,0.0,mse,0.001,2,2,end,7,15,off,7,0.0001
combo_0008,completed,0.1321010816863129,0.0,128,128,64,0.2,100,0.0,mse,0.0003,2,1,end,7,15,off,7,0.0001
combo_0009,completed,0.1272161560518115,0.0,128,128,64,0.2,100,0.0,mse,0.001,2,1,end,7,15,off,7,0.0001
combo_0010,completed,0.1313573039610292,0.0,128,256,64,0.2,100,0.0,mse,0.0003,2,1,end,7,15,off,7,0.0001
combo_0011,completed,0.1269483349010265,0.0,128,256,64,0.2,100,0.0,mse,0.001,2,1,end,7,15,off,7,0.0001
combo_0012,completed,0.1289281318141095,0.0,128,128,64,0.2,100,0.0,mse,0.0003,2,2,end,7,15,off,7,0.0001
combo_0013,completed,0.1259262249622931,0.0,128,128,64,0.2,100,0.0,mse,0.001,2,2,end,7,15,off,7,0.0001
combo_0014,completed,0.1269151236258405,0.0,128,256,64,0.2,100,0.0,mse,0.0003,2,2,end,7,15,off,7,0.0001
combo_0015,completed,0.1270485888313314,0.0,128,256,64,0.2,100,0.0,mse,0.001,2,2,end,7,15,off,7,0.0001
