combo_id,status,best_val_loss,batch_size,epochs,kernel_size,loss,lr,patience,weight_decay
combo_0000,completed,0.7367191199495011,128,100,3,mse,0.0003,15,0.0
combo_0001,completed,0.7372270822525024,128,100,3,mse,0.0003,15,0.001
combo_0002,completed,0.7367723515721596,128,100,3,mse,0.001,15,0.0
combo_0003,completed,0.7371915912761742,128,100,3,mse,0.001,15,0.001
combo_0004,completed,0.7370113865668032,128,100,3,mse,0.004,15,0.0
combo_0005,completed,0.737355026711269,128,100,3,mse,0.004,15,0.001
combo_0006,completed,0.7366516959099543,128,100,5,mse,0.0003,15,0.0
combo_0007,completed,0.7375295389266241,128,100,5,mse,0.0003,15,0.001
combo_0008,completed,0.7366274020918945,128,100,5,mse,0.001,15,0.0
combo_0009,completed,0.7374821160019946,128,100,5,mse,0.001,15,0.001
combo_0010,completed,0.7368916809057989,128,100,5,mse,0.004,15,0.0
combo_0011,completed,0.7375509256408328,128,100,5,mse,0.004,15,0.001
combo_0012,completed,0.7367022094272432,128,100,7,mse,0.0003,15,0.0
combo_0013,completed,0.7374992803031323,128,100,7,mse,0.0003,15,0.001
combo_0014,completed,0.7366177611658219,128,100,7,mse,0.001,15,0.0
combo_0015,completed,0.7374000439122945,128,100,7,mse,0.001,15,0.001
combo_0016,completed,0.7368770802722258,128,100,7,mse,0.004,15,0.0
combo_0017,completed,0.737523959297426,128,100,7,mse,0.004,15,0.001
combo_0018,completed,0.7366747899549682,128,100,13,mse,0.0003,15,0.0
combo_0019,completed,0.7376249698029846,128,100,13,mse,0.0003,15,0.001
combo_0020,completed,0.7366717115503734,128,100,13,mse,0.001,15,0.0
combo_0021,completed,0.7375351729847136,128,100,13,mse,0.001,15,0.001
combo_0022,completed,0.736844670371849,128,100,13,mse,0.004,15,0.0
combo_0023,completed,0.7376916936131752,128,100,13,mse,0.004,15,0.001
