combo_id,status,best_val_loss,batch_size,blocks,dropout,epochs,graph_mode,kernel_size,layers,loss,lr,nhid,patience,weight_decay
combo_0000,completed,0.0484610675619198,128,2,0.3,100,grid_plus_adaptive,2,1,mse,0.001,4,15,0.001
combo_0001,completed,0.0485666700853751,128,2,0.5,100,grid_plus_adaptive,2,1,mse,0.001,4,15,0.001
combo_0002,completed,0.0480760155388942,128,2,0.3,100,grid_plus_adaptive,2,2,mse,0.001,4,15,0.001
combo_0003,completed,0.0480638235234297,128,2,0.5,100,grid_plus_adaptive,2,2,mse,0.001,4,15,0.001
combo_0004,completed,0.0484316455057034,128,2,0.3,100,grid_plus_adaptive,2,1,mse,0.001,8,15,0.001
combo_0005,completed,0.0483089986328895,128,2,0.5,100,grid_plus_adaptive,2,1,mse,0.001,8,15,0.001
combo_0006,completed,0.048404509631487,128,2,0.3,100,grid_plus_adaptive,2,2,mse,0.001,8,15,0.001
combo_0007,completed,0.0485250958456442,128,2,0.5,100,grid_plus_adaptive,2,2,mse,0.001,8,15,0.001
combo_0008,completed,0.0474223875655577,128,2,0.3,100,grid_plus_adaptive,2,1,mse,0.001,16,15,0.001
combo_0009,completed,0.0478847637199438,128,2,0.5,100,grid_plus_adaptive,2,1,mse,0.001,16,15,0.001
combo_0010,completed,0.0483412275520654,128,2,0.3,100,grid_plus_adaptive,2,2,mse,0.001,16,15,0.001
combo_0011,completed,0.0482362253734698,128,2,0.5,100,grid_plus_adaptive,2,2,mse,0.001,16,15,0.001
combo_0012,completed,0.052569038592852,128,2,0.3,100,grid_plus_adaptive,2,1,mse,0.001,4,15,0.01
combo_0013,completed,0.0525862322403834,128,2,0.5,100,grid_plus_adaptive,2,1,mse,0.001,4,15,0.01
combo_0014,completed,0.0516827948964559,128,2,0.3,100,grid_plus_adaptive,2,2,mse,0.001,4,15,0.01
combo_0015,completed,0.0508562458249238,128,2,0.5,100,grid_plus_adaptive,2,2,mse,0.001,4,15,0.01
combo_0016,completed,0.0518432706594467,128,2,0.3,100,grid_plus_adaptive,2,1,mse,0.001,8,15,0.01
combo_0017,completed,0.0518320265870827,128,2,0.5,100,grid_plus_adaptive,2,1,mse,0.001,8,15,0.01
combo_0018,completed,0.0511978486409554,128,2,0.3,100,grid_plus_adaptive,2,2,mse,0.001,8,15,0.01
combo_0019,completed,0.0511989129277376,128,2,0.5,100,grid_plus_adaptive,2,2,mse,0.001,8,15,0.01
combo_0020,completed,0.0510538965463638,128,2,0.3,100,grid_plus_adaptive,2,1,mse,0.001,16,15,0.01
combo_0021,completed,0.050923503935337,128,2,0.5,100,grid_plus_adaptive,2,1,mse,0.001,16,15,0.01
combo_0022,completed,0.0509845241904258,128,2,0.3,100,grid_plus_adaptive,2,2,mse,0.001,16,15,0.01
combo_0023,completed,0.0510641187429428,128,2,0.5,100,grid_plus_adaptive,2,2,mse,0.001,16,15,0.01
combo_0024,completed,0.0492688867335136,128,2,0.3,100,grid_plus_adaptive,2,1,mse,0.01,4,15,0.001
combo_0025,completed,0.0481121282164867,128,2,0.5,100,grid_plus_adaptive,2,1,mse,0.01,4,15,0.001
combo_0026,completed,0.0484159669050803,128,2,0.3,100,grid_plus_adaptive,2,2,mse,0.01,4,15,0.001
combo_0027,completed,0.0487295443621965,128,2,0.5,100,grid_plus_adaptive,2,2,mse,0.01,4,15,0.001
combo_0028,completed,0.0483389886525961,128,2,0.3,100,grid_plus_adaptive,2,1,mse,0.01,8,15,0.001
combo_0029,completed,0.0482399500906467,128,2,0.5,100,grid_plus_adaptive,2,1,mse,0.01,8,15,0.001
combo_0030,completed,0.0486252241982863,128,2,0.3,100,grid_plus_adaptive,2,2,mse,0.01,8,15,0.001
combo_0031,completed,0.0481332380038041,128,2,0.5,100,grid_plus_adaptive,2,2,mse,0.01,8,15,0.001
combo_0032,completed,0.0485906085142722,128,2,0.3,100,grid_plus_adaptive,2,1,mse,0.01,16,15,0.001
combo_0033,completed,0.0486568828614858,128,2,0.5,100,grid_plus_adaptive,2,1,mse,0.01,16,15,0.001
combo_0034,completed,0.0491600125454939,128,2,0.3,100,grid_plus_adaptive,2,2,mse,0.01,16,15,0.001
combo_0035,completed,0.0480381339215315,128,2,0.5,100,grid_plus_adaptive,2,2,mse,0.01,16,15,0.001
combo_0036,completed,0.0522212867553417,128,2,0.3,100,grid_plus_adaptive,2,1,mse,0.01,4,15,0.01
combo_0037,completed,0.0522025542763563,128,2,0.5,100,grid_plus_adaptive,2,1,mse,0.01,4,15,0.01
combo_0038,completed,0.05133201697698,128,2,0.3,100,grid_plus_adaptive,2,2,mse,0.01,4,15,0.01
combo_0039,completed,0.0514855940754597,128,2,0.5,100,grid_plus_adaptive,2,2,mse,0.01,4,15,0.01
combo_0040,completed,0.0520025652188521,128,2,0.3,100,grid_plus_adaptive,2,1,mse,0.01,8,15,0.01
combo_0041,completed,0.0522341911609356,128,2,0.5,100,grid_plus_adaptive,2,1,mse,0.01,8,15,0.01
combo_0042,completed,0.0519655667818509,128,2,0.3,100,grid_plus_adaptive,2,2,mse,0.01,8,15,0.01
combo_0043,completed,0.0521509194603333,128,2,0.5,100,grid_plus_adaptive,2,2,mse,0.01,8,15,0.01
combo_0044,completed,0.0545908258511469,128,2,0.3,100,grid_plus_adaptive,2,1,mse,0.01,16,15,0.01
combo_0045,completed,0.0520903250345817,128,2,0.5,100,grid_plus_adaptive,2,1,mse,0.01,16,15,0.01
combo_0046,completed,0.0516532246883098,128,2,0.3,100,grid_plus_adaptive,2,2,mse,0.01,16,15,0.01
combo_0047,completed,0.0529773080578217,128,2,0.5,100,grid_plus_adaptive,2,2,mse,0.01,16,15,0.01
combo_0048,completed,0.0483978737432223,128,4,0.3,100,grid_plus_adaptive,2,1,mse,0.001,4,15,0.001
combo_0049,completed,0.0485238627745555,128,4,0.5,100,grid_plus_adaptive,2,1,mse,0.001,4,15,0.001
combo_0050,completed,0.0477853913146715,128,4,0.3,100,grid_plus_adaptive,2,2,mse,0.001,4,15,0.001
combo_0051,completed,0.0481760301269017,128,4,0.5,100,grid_plus_adaptive,2,2,mse,0.001,4,15,0.001
combo_0052,completed,0.0473697698460175,128,4,0.3,100,grid_plus_adaptive,2,1,mse,0.001,8,15,0.001
combo_0053,completed,0.0475117572798178,128,4,0.5,100,grid_plus_adaptive,2,1,mse,0.001,8,15,0.001
combo_0054,completed,0.0478232319538409,128,4,0.3,100,grid_plus_adaptive,2,2,mse,0.001,8,15,0.001
combo_0055,completed,0.0478895702041112,128,4,0.5,100,grid_plus_adaptive,2,2,mse,0.001,8,15,0.001
combo_0056,completed,0.0470967880235268,128,4,0.3,100,grid_plus_adaptive,2,1,mse,0.001,16,15,0.001
combo_0057,completed,0.0471887066960334,128,4,0.5,100,grid_plus_adaptive,2,1,mse,0.001,16,15,0.001
combo_0058,completed,0.0478672723357494,128,4,0.3,100,grid_plus_adaptive,2,2,mse,0.001,16,15,0.001
combo_0059,completed,0.047843649983406,128,4,0.5,100,grid_plus_adaptive,2,2,mse,0.001,16,15,0.001
combo_0060,completed,0.0520628702182036,128,4,0.3,100,grid_plus_adaptive,2,1,mse,0.001,4,15,0.01
combo_0061,completed,0.0520989659887093,128,4,0.5,100,grid_plus_adaptive,2,1,mse,0.001,4,15,0.01
combo_0062,completed,0.0505578552301113,128,4,0.3,100,grid_plus_adaptive,2,2,mse,0.001,4,15,0.01
combo_0063,completed,0.0506017580628395,128,4,0.5,100,grid_plus_adaptive,2,2,mse,0.001,4,15,0.01
combo_0064,completed,0.0516968742012977,128,4,0.3,100,grid_plus_adaptive,2,1,mse,0.001,8,15,0.01
combo_0065,completed,0.0516356109426571,128,4,0.5,100,grid_plus_adaptive,2,1,mse,0.001,8,15,0.01
combo_0066,completed,0.0504502791624802,128,4,0.3,100,grid_plus_adaptive,2,2,mse,0.001,8,15,0.01
combo_0067,completed,0.0505471877180613,128,4,0.5,100,grid_plus_adaptive,2,2,mse,0.001,8,15,0.01
combo_0068,completed,0.0514744033034031,128,4,0.3,100,grid_plus_adaptive,2,1,mse,0.001,16,15,0.01
combo_0069,completed,0.051486051426484,128,4,0.5,100,grid_plus_adaptive,2,1,mse,0.001,16,15,0.01
combo_0070,completed,0.0502958827866957,128,4,0.3,100,grid_plus_adaptive,2,2,mse,0.001,16,15,0.01
combo_0071,completed,0.050343663073503,128,4,0.5,100,grid_plus_adaptive,2,2,mse,0.001,16,15,0.01
combo_0072,completed,0.0488735325634479,128,4,0.3,100,grid_plus_adaptive,2,1,mse,0.01,4,15,0.001
combo_0073,completed,0.0486679661732453,128,4,0.5,100,grid_plus_adaptive,2,1,mse,0.01,4,15,0.001
combo_0074,completed,0.0484633491589472,128,4,0.3,100,grid_plus_adaptive,2,2,mse,0.01,4,15,0.001
combo_0075,completed,0.0486308015309847,128,4,0.5,100,grid_plus_adaptive,2,2,mse,0.01,4,15,0.001
combo_0076,completed,0.0478567695961548,128,4,0.3,100,grid_plus_adaptive,2,1,mse,0.01,8,15,0.001
combo_0077,completed,0.0494579351865328,128,4,0.5,100,grid_plus_adaptive,2,1,mse,0.01,8,15,0.001
combo_0078,completed,0.0484168068147622,128,4,0.3,100,grid_plus_adaptive,2,2,mse,0.01,8,15,0.001
combo_0079,completed,0.0488397438938801,128,4,0.5,100,grid_plus_adaptive,2,2,mse,0.01,8,15,0.001
combo_0080,completed,0.0478947996520079,128,4,0.3,100,grid_plus_adaptive,2,1,mse,0.01,16,15,0.001
combo_0081,completed,0.0479872860014438,128,4,0.5,100,grid_plus_adaptive,2,1,mse,0.01,16,15,0.001
combo_0082,completed,0.0477551645957506,128,4,0.3,100,grid_plus_adaptive,2,2,mse,0.01,16,15,0.001
combo_0083,completed,0.0484105408764802,128,4,0.5,100,grid_plus_adaptive,2,2,mse,0.01,16,15,0.001
combo_0084,completed,0.0521680890367581,128,4,0.3,100,grid_plus_adaptive,2,1,mse,0.01,4,15,0.01
combo_0085,completed,0.0522018522024154,128,4,0.5,100,grid_plus_adaptive,2,1,mse,0.01,4,15,0.01
combo_0086,completed,0.0510330475293673,128,4,0.3,100,grid_plus_adaptive,2,2,mse,0.01,4,15,0.01
combo_0087,completed,0.0506027444050862,128,4,0.5,100,grid_plus_adaptive,2,2,mse,0.01,4,15,0.01
combo_0088,completed,0.0516719909814687,128,4,0.3,100,grid_plus_adaptive,2,1,mse,0.01,8,15,0.01
combo_0089,completed,0.0519012591013541,128,4,0.5,100,grid_plus_adaptive,2,1,mse,0.01,8,15,0.01
combo_0090,completed,0.0511328222659918,128,4,0.3,100,grid_plus_adaptive,2,2,mse,0.01,8,15,0.01
combo_0091,completed,0.0517496581260974,128,4,0.5,100,grid_plus_adaptive,2,2,mse,0.01,8,15,0.01
combo_0092,completed,0.0519956298745595,128,4,0.3,100,grid_plus_adaptive,2,1,mse,0.01,16,15,0.01
combo_0093,completed,0.0516819409452951,128,4,0.5,100,grid_plus_adaptive,2,1,mse,0.01,16,15,0.01
combo_0094,completed,0.0529471469613221,128,4,0.3,100,grid_plus_adaptive,2,2,mse,0.01,16,15,0.01
combo_0095,completed,0.0517371319807492,128,4,0.5,100,grid_plus_adaptive,2,2,mse,0.01,16,15,0.01
