epoch,train_loss,val_loss,lr,epoch_time_s,ortho_q,ortho_L
1,0.06907748,0.10065576,0.0005,3.945,0.00000000,0.00000000
2,0.06486535,0.09913184,0.0005,3.605,0.00000000,0.00000000
3,0.06420520,0.09916135,0.0005,3.605,0.00000000,0.00000000
4,0.06360783,0.09941541,0.0005,3.603,0.00000000,0.00000000
5,0.06333388,0.09830524,0.0005,3.604,0.00000000,0.00000000
6,0.06267871,0.09820030,0.0005,3.586,0.00000000,0.00000000
7,0.06256316,0.09837033,0.0005,3.562,0.00000000,0.00000000
8,0.06215280,0.09896288,0.0005,3.566,0.00000000,0.00000000
9,0.06196325,0.09877227,0.0005,3.570,0.00000000,0.00000000
10,0.06177001,0.09901105,0.0005,3.572,0.00000000,0.00000000
11,0.06165745,0.09847267,0.0005,3.571,0.00000000,0.00000000
12,0.06129085,0.10005630,0.0005,3.571,0.00000000,0.00000000
13,0.06128391,0.09862016,0.0005,3.572,0.00000000,0.00000000
14,0.06105003,0.09937977,0.0005,3.564,0.00000000,0.00000000
15,0.06081379,0.10097590,0.0005,3.571,0.00000000,0.00000000
16,0.06035486,0.09938474,0.0005,3.574,0.00000000,0.00000000
17,0.06035764,0.10181921,0.0005,3.569,0.00000000,0.00000000
18,0.06016325,0.10150445,0.0005,3.561,0.00000000,0.00000000
19,0.05990166,0.09903286,0.0005,3.578,0.00000000,0.00000000
20,0.05961603,0.09864062,0.0005,3.573,0.00000000,0.00000000
21,0.05962966,0.09816120,0.0005,3.565,0.00000000,0.00000000
22,0.05939720,0.09985520,0.0005,3.565,0.00000000,0.00000000
23,0.05931908,0.09948871,0.0005,3.568,0.00000000,0.00000000
24,0.05876626,0.10125620,0.0005,3.566,0.00000000,0.00000000
25,0.05869774,0.10108707,0.0005,3.565,0.00000000,0.00000000
26,0.05823127,0.10599870,0.0005,3.578,0.00000000,0.00000000
27,0.05819016,0.10674015,0.0005,3.572,0.00000000,0.00000000
28,0.05780953,0.10096449,0.0005,3.573,0.00000000,0.00000000
29,0.05767009,0.10211729,0.0005,3.576,0.00000000,0.00000000
30,0.05757787,0.10316581,0.0005,3.573,0.00000000,0.00000000
31,0.05726112,0.10558426,0.0005,3.572,0.00000000,0.00000000
32,0.05681812,0.10333727,0.0005,3.562,0.00000000,0.00000000
33,0.05684993,0.09991267,0.0005,3.568,0.00000000,0.00000000
34,0.05642591,0.10870801,0.0005,3.571,0.00000000,0.00000000
35,0.05654116,0.10830405,0.0005,3.560,0.00000000,0.00000000
36,0.05642150,0.10582721,0.0005,3.562,0.00000000,0.00000000
