mse,rmse,mae,rse,bias,da,ic_mean,ic_std,name,n_windows,source
0.1974482536315918,0.44435149783880756,0.3059016466140747,0.7195097909782804,0.05518697202205658,0.8537321019473081,0.5207828038181357,0.3924840215727008,Persist(ref),776,built-in
0.15743297338485718,0.3967782420759198,0.2906078100204468,0.6424769555708644,0.06943954527378082,0.871972518818524,0.5216295608721966,0.4070926050530011,VAR1,776,VAR1/results/SPX_IV_21_63_VAR1/pred.npy
0.14781759679317474,0.3844705408651939,0.2751525640487671,0.6225479786719749,0.026805173605680466,0.8641390013909344,0.5705272891916223,0.3251519711008097,DLinear,776,DLinear/results/SPX_IV_21_63_DLinear_individual_k13_ep100/pred.npy
0.159407377243042,0.39925853433964564,0.2837715148925781,0.6464933630473593,-0.01391341257840395,0.8627654536900671,0.5305464466008533,0.3266706180369207,DLinear(MAE),776,DLinear/results/SPX_IV_21_63_DLinear_individual_k13_ep100_lossmae/pred.npy
0.1591927409172058,0.39898965013795257,0.2833908498287201,0.6460580342950107,-0.014804443344473839,0.8629231099656357,0.530785105704923,0.3267204202352914,DLinear(MAE-s),776,DLinear/results/SPX_IV_21_63_DLinear_individual_k13_ep100_lossmaescaled/pred.npy
0.14669258892536163,0.38300468525249354,0.26654523611068726,0.6201747957154816,-0.015189995989203453,0.8749863463426608,0.5904707131966652,0.3196431284641194,DLinear(Hub-1),776,DLinear/results/SPX_IV_21_63_DLinear_individual_k13_ep100_losshuberscaled_d1/pred.npy
0.1580630987882614,0.3975715014789936,0.2826995551586151,0.6437616963048184,-0.01139877364039421,0.8631464776632303,0.536220338504316,0.32398617358262194,DLinear(Hub-0.3),776,DLinear/results/SPX_IV_21_63_DLinear_individual_k13_ep100_losshuberscaled_d0.3/pred.npy
0.17286717891693115,0.4157729896433042,0.2886437177658081,0.6732343168609053,0.007380949333310127,0.8604841678939618,0.5195146929289873,0.3901321329408846,PatchTST,776,PatchTST/results/SPX_IV_21_63_PatchTST_pl7_s7_dm128_nh16_nl3_ep100/pred.npy
0.16991381347179413,0.41220603279403145,0.2854268550872803,0.6674584950927186,-0.010378626175224781,0.8651109679266896,0.5172342040159884,0.3933615458896139,PatchTST(Hub-1),776,PatchTST/results/SPX_IV_21_63_PatchTST_pl7_s7_dm128_nh16_nl3_ep100_losshuberscaled_d1/pred.npy
0.16833916306495667,0.41029155860796923,0.28645601868629456,0.6643583466369565,-0.013198810629546642,0.8673180023727705,0.4888045098917504,0.3967384199025526,HOT(product),776,HOT/results/SPX_IV_21_63_HOT_tensor_dh128_nb4_nh8_ps4_kronecker_product_perope_ep100/pred.npy
0.17100177705287933,0.41352361123988957,0.2891320288181305,0.6695920237570713,-0.02197369374334812,0.8678174603174603,0.48480534996503677,0.398424461568136,"HOT(prod,Hub-1)",776,HOT/results/SPX_IV_21_63_HOT_tensor_dh128_nb4_nh8_ps4_kronecker_product_perope_ep100_losshuberscaled_d1/pred.npy
0.1690252721309662,0.4111268321710056,0.28794071078300476,0.6657109913145163,-0.007423746399581432,0.8665995234004255,0.497835184296369,0.3947062138853323,HOT(sum),776,HOT/results/SPX_IV_21_63_HOT_tensor_dh128_nb4_nh8_ps4_kronecker_sum_perope_ep100/pred.npy
0.17601554095745087,0.4195420610111111,0.2942570447921753,0.6793372259425529,-0.018453124910593033,0.8643588406152839,0.48249553884541024,0.3943131965399045,"HOT(sum,Hub-1)",776,HOT/results/SPX_IV_21_63_HOT_tensor_dh128_nb4_nh8_ps4_kronecker_sum_perope_ep100_losshuberscaled_d1/pred.npy
0.15360578894615173,0.3919257441737551,0.2732323706150055,0.6346199380417346,-0.0029452682938426733,0.867459499263623,0.5211513454063111,0.3915698296998741,DynGWN,776,DynGWN/results/SPX_IV_21_63_DynGWN_grid_plus_adaptive_nh32_b4_l2_ep500/pred.npy
0.15568725764751434,0.3945722464232809,0.2737974226474762,0.6389047470869982,-0.007658272981643677,0.8648977254131893,0.5224099628579209,0.3915300143217286,DynGWN(Hub-orig),776,DynGWN/results/SPX_IV_21_63_DynGWN_grid_plus_adaptive_nh32_b4_l2_ep500_losshuberoriginal_d0.02/pred.npy
