model,horizon,ic,mse,mae
Persist(ref),1,0.9329116960428118,0.0126631465,0.0668589
Persist(ref),2,0.9007888057514707,0.025874162,0.09719953
Persist(ref),3,0.871417726380018,0.03853531,0.12104711
Persist(ref),4,0.8481600743332203,0.050114132,0.14020778
Persist(ref),5,0.8321422025503531,0.060355157,0.15500934
Persist(ref),6,0.7983592396204301,0.070666976,0.17025886
Persist(ref),7,0.777443461448097,0.079355605,0.1829494
Persist(ref),8,0.7584022319144421,0.08671595,0.19308001
Persist(ref),9,0.7451185031989992,0.094423816,0.20263612
Persist(ref),10,0.731822043127532,0.10235735,0.21257408
Persist(ref),11,0.7091362088398288,0.109807745,0.2223703
Persist(ref),12,0.6960484385023654,0.11590178,0.22900183
Persist(ref),13,0.6806565657371355,0.12124515,0.23473552
Persist(ref),14,0.6704358716367974,0.12678623,0.24071254
Persist(ref),15,0.659133554998877,0.13161634,0.24627006
Persist(ref),16,0.6416228331862166,0.1363794,0.2517687
Persist(ref),17,0.629742857526014,0.13974756,0.25619993
Persist(ref),18,0.6221524231148676,0.14311405,0.25979877
Persist(ref),19,0.616268852450779,0.14662983,0.26515365
Persist(ref),20,0.6058978409558154,0.14998776,0.2715824
Persist(ref),21,0.5891536562071099,0.1558674,0.2787685
Persist(ref),22,0.5765857748711734,0.16242938,0.28575963
Persist(ref),23,0.5653379924914947,0.16846156,0.29263377
Persist(ref),24,0.5575394472544277,0.17469107,0.29705462
Persist(ref),25,0.5435700773163982,0.18166536,0.30393532
Persist(ref),26,0.5316545062335177,0.18714555,0.3101955
Persist(ref),27,0.5247993593659144,0.19152348,0.3138188
Persist(ref),28,0.5174336640304873,0.19517617,0.317328
Persist(ref),29,0.5102354444889746,0.19902997,0.32093942
Persist(ref),30,0.4972706213775595,0.20456496,0.32447135
Persist(ref),31,0.4872266449659004,0.20921142,0.32729694
Persist(ref),32,0.4799952519457288,0.21328284,0.32943645
Persist(ref),33,0.4719317154330023,0.21663865,0.331074
Persist(ref),34,0.46825993745594935,0.22083284,0.33330256
Persist(ref),35,0.456515538263551,0.22576937,0.33684534
Persist(ref),36,0.44450900108691693,0.2301032,0.3407361
Persist(ref),37,0.43428406152171817,0.23363268,0.34412664
Persist(ref),38,0.4250591156229252,0.23781186,0.34827778
Persist(ref),39,0.41909913345659583,0.24222057,0.35203752
Persist(ref),40,0.4077083824973822,0.24583305,0.35569188
Persist(ref),41,0.3995575158129434,0.24920942,0.35894755
Persist(ref),42,0.3935187900922453,0.25155702,0.36155275
Persist(ref),43,0.38925352015873094,0.25422895,0.36339113
Persist(ref),44,0.38766938094978515,0.25627893,0.36529604
Persist(ref),45,0.3788270791571211,0.25857478,0.36712006
Persist(ref),46,0.3728772820137797,0.26114884,0.36948788
Persist(ref),47,0.36848071724639614,0.2631398,0.37155867
Persist(ref),48,0.3663854815869218,0.26551837,0.37354335
Persist(ref),49,0.36510795853850936,0.2679856,0.3753109
Persist(ref),50,0.3594869794283613,0.27082196,0.376576
Persist(ref),51,0.35618294814910967,0.27395082,0.3779517
Persist(ref),52,0.3509226831667846,0.2776934,0.38021538
Persist(ref),53,0.3503917215590763,0.28176573,0.38311577
Persist(ref),54,0.34737004974378616,0.28623363,0.38659856
Persist(ref),55,0.3396394087423186,0.2897497,0.39005435
Persist(ref),56,0.3353113264608034,0.2925192,0.3935721
Persist(ref),57,0.33409727982337806,0.29411912,0.39572394
Persist(ref),58,0.33372257676619765,0.2955389,0.39803645
Persist(ref),59,0.3319108789055763,0.29783967,0.40031627
Persist(ref),60,0.32796966710117026,0.29995596,0.40278438
Persist(ref),61,0.32831113502487536,0.30235514,0.4046941
Persist(ref),62,0.32856450615877036,0.3043942,0.4062235
Persist(ref),63,0.32792699675310155,0.30650252,0.406602
VAR1,1,0.9009597823329812,0.015413327,0.07990463
VAR1,2,0.8626546988307977,0.028536025,0.109360285
VAR1,3,0.8229553125028778,0.04136089,0.12985606
VAR1,4,0.7916388034667062,0.052776154,0.14922817
VAR1,5,0.7649267013482619,0.062807746,0.16469236
VAR1,6,0.7355894533432931,0.07173416,0.17808828
VAR1,7,0.7099576147566192,0.080241986,0.19083849
VAR1,8,0.6884089617341375,0.08658703,0.19967023
VAR1,9,0.6705795945554839,0.092859,0.20842548
VAR1,10,0.6580270368945923,0.099001236,0.21569733
VAR1,11,0.6429262829037242,0.10468935,0.225295
VAR1,12,0.6297350103455491,0.109397866,0.23214924
VAR1,13,0.6164547399998538,0.11330306,0.23829213
VAR1,14,0.6022712051285988,0.11745243,0.24470094
VAR1,15,0.59067559178081,0.120549016,0.25032568
VAR1,16,0.5792912722653487,0.12333633,0.255374
VAR1,17,0.5685578029130334,0.12534712,0.2599992
VAR1,18,0.5608613133095194,0.12681985,0.263306
VAR1,19,0.553554293346637,0.12834956,0.26630527
VAR1,20,0.5448375657149899,0.1297553,0.26921484
VAR1,21,0.5370745767362147,0.13328725,0.27344993
VAR1,22,0.5298752493261968,0.13754673,0.27865583
VAR1,23,0.5225279214749327,0.14162181,0.28437275
VAR1,24,0.5171156258825053,0.1461811,0.28944567
VAR1,25,0.5092873375972322,0.15098111,0.29483178
VAR1,26,0.504955463923384,0.15461059,0.29983684
VAR1,27,0.5024806454975829,0.15727696,0.3027234
VAR1,28,0.4979061090615318,0.15921138,0.30522513
VAR1,29,0.49343010725241376,0.16229951,0.30869257
VAR1,30,0.488011103327989,0.16626915,0.31155667
VAR1,31,0.4843630302329794,0.16971858,0.31303814
VAR1,32,0.48117336285141643,0.17231613,0.31411386
VAR1,33,0.4779358711383609,0.17332451,0.3149313
VAR1,34,0.4755268534446534,0.17553483,0.31603333
VAR1,35,0.4721639618043849,0.17822123,0.31733787
VAR1,36,0.4681722655957518,0.1803252,0.31945142
VAR1,37,0.4622980238815787,0.18215606,0.32132614
VAR1,38,0.456597929863256,0.18393466,0.32337746
VAR1,39,0.45277616893479944,0.1860811,0.32564026
VAR1,40,0.4498361371450542,0.18800281,0.32728863
VAR1,41,0.44440518650213634,0.1901444,0.32912314
VAR1,42,0.44115415176550216,0.19180968,0.33145726
VAR1,43,0.4392197167229001,0.19351661,0.3338686
VAR1,44,0.43776919688119537,0.19552533,0.33595496
VAR1,45,0.4366616769999596,0.19708134,0.33734778
VAR1,46,0.4349609280709741,0.19850543,0.3390467
VAR1,47,0.4332926866281499,0.19978294,0.34055263
VAR1,48,0.43230508963822234,0.20144197,0.34277886
VAR1,49,0.42940013961039575,0.20331733,0.34398174
VAR1,50,0.42745828469065855,0.20515244,0.34458208
VAR1,51,0.42546846740836575,0.20719884,0.345696
VAR1,52,0.422158533207006,0.20895153,0.34606335
VAR1,53,0.4191565268891349,0.21106592,0.34784034
VAR1,54,0.4166257111052708,0.21325502,0.35051477
VAR1,55,0.4107626318630295,0.214908,0.35340193
VAR1,56,0.4072659546756062,0.21651654,0.3567164
VAR1,57,0.4021438216591409,0.2173723,0.35869673
VAR1,58,0.39725674807324796,0.21820164,0.36056
VAR1,59,0.39287926214946917,0.21913543,0.3628775
VAR1,60,0.389485305356403,0.21987808,0.36542085
VAR1,61,0.3860020445847936,0.22084571,0.36789298
VAR1,62,0.38131482617597956,0.22212155,0.369962
VAR1,63,0.37714466184480744,0.22332285,0.37190226
DLinear,1,0.9299677061762804,0.01564626,0.07603504
DLinear,2,0.9007801232151403,0.02837176,0.10344093
DLinear,3,0.872861051924156,0.04049995,0.12592268
DLinear,4,0.849078010544993,0.051146578,0.14331742
DLinear,5,0.8271570824672367,0.060314078,0.15689228
DLinear,6,0.8013357678752597,0.06867088,0.16910101
DLinear,7,0.7836903998738349,0.07569112,0.17994179
DLinear,8,0.7666525358662614,0.08193076,0.189151
DLinear,9,0.7516801488778075,0.087433,0.19756453
DLinear,10,0.7369483642976739,0.09267392,0.20591603
DLinear,11,0.7213469305615358,0.0972897,0.21287729
DLinear,12,0.7095143563779911,0.1009768,0.21854407
DLinear,13,0.6974890544583078,0.10479736,0.22483368
DLinear,14,0.6860783344248071,0.10858586,0.23031227
DLinear,15,0.6725507972878353,0.11208915,0.23502837
DLinear,16,0.6594742259577654,0.11541547,0.24055402
DLinear,17,0.6491991212874217,0.118099555,0.2448276
DLinear,18,0.6409871478905979,0.120703325,0.24859159
DLinear,19,0.633248105950209,0.12355132,0.2524999
DLinear,20,0.6231360622750661,0.12665068,0.2566871
DLinear,21,0.6127218278640152,0.13075233,0.26160684
DLinear,22,0.6030393687377406,0.13496278,0.26690295
DLinear,23,0.5955724082515849,0.13887148,0.27156803
DLinear,24,0.5891404986411765,0.14280838,0.27573797
DLinear,25,0.5811450064795175,0.14675426,0.28018588
DLinear,26,0.573628338810922,0.15009463,0.2842647
DLinear,27,0.566456878368152,0.15280518,0.2866699
DLinear,28,0.5588251193484559,0.15551822,0.28912058
DLinear,29,0.5505704521716628,0.1586132,0.2917651
DLinear,30,0.5425922729516987,0.16210969,0.29443637
DLinear,31,0.5352022387591666,0.1647047,0.29575956
DLinear,32,0.529064137814581,0.16694584,0.29703382
DLinear,33,0.5230724517986947,0.16852695,0.29849723
DLinear,34,0.5185194458202402,0.17036211,0.29967752
DLinear,35,0.5114594102094628,0.17243932,0.30173895
DLinear,36,0.5040155921917989,0.17381483,0.30363458
DLinear,37,0.498147169064202,0.17531426,0.30538872
DLinear,38,0.492860340871012,0.17668135,0.3067673
DLinear,39,0.48871519471126823,0.17820951,0.3085197
DLinear,40,0.4834482970400258,0.17937054,0.31015322
DLinear,41,0.47791698387335696,0.18054172,0.31170756
DLinear,42,0.4720529944498379,0.18186599,0.3144592
DLinear,43,0.47109106998550526,0.18267575,0.3158487
DLinear,44,0.4686511091063541,0.18362512,0.31782246
DLinear,45,0.46634795252028616,0.18414202,0.31846845
DLinear,46,0.4638038677161871,0.18494675,0.31972083
DLinear,47,0.46178980095372374,0.18536288,0.3205005
DLinear,48,0.4615407838083679,0.18600781,0.3212395
DLinear,49,0.45865390432812386,0.18712834,0.32319152
DLinear,50,0.4547642191557762,0.18832384,0.32514182
DLinear,51,0.45237249560941506,0.18962494,0.32707155
DLinear,52,0.44803800741219757,0.19061324,0.3288879
DLinear,53,0.44247407092012553,0.19173484,0.33099163
DLinear,54,0.4379793244840661,0.19276033,0.33314395
DLinear,55,0.431973493018204,0.19376856,0.33526865
DLinear,56,0.4282116817170188,0.19447814,0.33729446
DLinear,57,0.4238820739068296,0.19508725,0.3391277
DLinear,58,0.4184493982691689,0.19599183,0.3414341
DLinear,59,0.41410834436608496,0.19709468,0.34362334
DLinear,60,0.41025651794614726,0.19814335,0.3454641
DLinear,61,0.4065214331431998,0.19895166,0.34686223
DLinear,62,0.40222058846947656,0.19938861,0.34749126
DLinear,63,0.39874732641718924,0.20004861,0.34838107
DLinear(MAE),1,0.8386360320149332,0.052586574,0.14974423
DLinear(MAE),2,0.8146105032841808,0.061611235,0.16233897
DLinear(MAE),3,0.7936765167614381,0.067954116,0.17050296
DLinear(MAE),4,0.7749370588444972,0.07518462,0.18127146
DLinear(MAE),5,0.758040754856043,0.08230921,0.1904861
DLinear(MAE),6,0.7378064253087513,0.08890463,0.19878049
DLinear(MAE),7,0.7222508765968776,0.095187224,0.2070908
DLinear(MAE),8,0.706989563844787,0.100763634,0.21438721
DLinear(MAE),9,0.6948264075257613,0.10455568,0.21965106
DLinear(MAE),10,0.6815421928677478,0.10934536,0.22572243
DLinear(MAE),11,0.6688185852722748,0.11395521,0.2314429
DLinear(MAE),12,0.6543963438344688,0.117475525,0.23584288
DLinear(MAE),13,0.644048047477818,0.12132889,0.24072067
DLinear(MAE),14,0.6323008543758817,0.1252292,0.2452119
DLinear(MAE),15,0.6228651427405762,0.12934107,0.24985605
DLinear(MAE),16,0.614959117894684,0.13291283,0.25399426
DLinear(MAE),17,0.601460713382163,0.1370039,0.25876668
DLinear(MAE),18,0.5916383421709066,0.13994376,0.2623871
DLinear(MAE),19,0.5833879529173825,0.14240853,0.26536816
DLinear(MAE),20,0.5676148757222876,0.14519572,0.2687179
DLinear(MAE),21,0.5617252745442034,0.14884633,0.27261817
DLinear(MAE),22,0.5537827871792792,0.15261315,0.27658376
DLinear(MAE),23,0.5446416223855581,0.15578486,0.27974313
DLinear(MAE),24,0.5439188844043238,0.15888213,0.28243917
DLinear(MAE),25,0.5378760110526228,0.16174248,0.2848171
DLinear(MAE),26,0.5253951298840416,0.16459525,0.28691173
DLinear(MAE),27,0.518539009184885,0.1672867,0.2887478
DLinear(MAE),28,0.5089062330753586,0.17012154,0.29133004
DLinear(MAE),29,0.49983374430574384,0.17376891,0.29455772
DLinear(MAE),30,0.49477705107582776,0.17682675,0.29707202
DLinear(MAE),31,0.49140669687764504,0.178333,0.2977601
DLinear(MAE),32,0.48194141438771454,0.18011956,0.2991252
DLinear(MAE),33,0.4782167641046289,0.18023637,0.29966626
DLinear(MAE),34,0.4706389225234964,0.18126695,0.3006779
DLinear(MAE),35,0.4724128369453064,0.18239467,0.30183786
DLinear(MAE),36,0.4672542249973605,0.1819186,0.3017542
DLinear(MAE),37,0.4661810276520491,0.18296935,0.30301413
DLinear(MAE),38,0.4630763570418047,0.18348557,0.30383083
DLinear(MAE),39,0.4613180417279201,0.18415669,0.30509013
DLinear(MAE),40,0.46453123294274934,0.18499741,0.30636013
DLinear(MAE),41,0.45787009536866846,0.18624814,0.30790234
DLinear(MAE),42,0.4594388961965138,0.186708,0.3090763
DLinear(MAE),43,0.4594374750451008,0.18773785,0.31080395
DLinear(MAE),44,0.4536917307228331,0.18898833,0.31267777
DLinear(MAE),45,0.4505724772264508,0.18949218,0.31412444
DLinear(MAE),46,0.4504512799384366,0.19036837,0.31608462
DLinear(MAE),47,0.4474548171773143,0.19067743,0.31796628
DLinear(MAE),48,0.44402326023089594,0.1912126,0.32014936
DLinear(MAE),49,0.43792578316502173,0.19179654,0.3227684
DLinear(MAE),50,0.4327911496609071,0.19274835,0.32519642
DLinear(MAE),51,0.4296937157586422,0.19356744,0.3278866
DLinear(MAE),52,0.42316395683252545,0.19418216,0.3304776
DLinear(MAE),53,0.41510769545681075,0.19459473,0.3329439
DLinear(MAE),54,0.40983941518283185,0.19487496,0.33477694
DLinear(MAE),55,0.40377369884751946,0.19555673,0.3365482
DLinear(MAE),56,0.3944568214916783,0.1958407,0.33857664
DLinear(MAE),57,0.40139691106325415,0.1960394,0.34040228
DLinear(MAE),58,0.4021368452488098,0.19660859,0.34199727
DLinear(MAE),59,0.39739946741224363,0.19712962,0.34354407
DLinear(MAE),60,0.3914434067753363,0.19783749,0.3447872
DLinear(MAE),61,0.3868889335691198,0.19841167,0.3460937
DLinear(MAE),62,0.3825337437203339,0.19891961,0.3475062
DLinear(MAE),63,0.38175498577653216,0.19958018,0.34906888
DLinear(MAE-s),1,0.8396881767314527,0.05199093,0.14879553
DLinear(MAE-s),2,0.815922143288298,0.061093096,0.16152395
DLinear(MAE-s),3,0.7947080300813113,0.06739189,0.1695316
DLinear(MAE-s),4,0.7757770584521111,0.07469565,0.18043356
DLinear(MAE-s),5,0.7589731820883738,0.08181742,0.18965371
DLinear(MAE-s),6,0.7388388352566282,0.0884797,0.19806947
DLinear(MAE-s),7,0.7231300533546324,0.09477132,0.20637946
DLinear(MAE-s),8,0.7082719159118618,0.10035036,0.21373533
DLinear(MAE-s),9,0.6957101482710097,0.1041394,0.21899582
DLinear(MAE-s),10,0.6826629300691616,0.10901973,0.22522454
DLinear(MAE-s),11,0.6691636370360012,0.11367822,0.23100401
DLinear(MAE-s),12,0.6550938066058062,0.11723796,0.23542802
DLinear(MAE-s),13,0.6447487596079856,0.121086754,0.2403124
DLinear(MAE-s),14,0.6328119773218613,0.12497966,0.24479279
DLinear(MAE-s),15,0.6238311589329854,0.12911883,0.2494879
DLinear(MAE-s),16,0.6153831212241422,0.1326937,0.2536264
DLinear(MAE-s),17,0.6017957476324037,0.13674201,0.25835633
DLinear(MAE-s),18,0.5919451325969993,0.13968012,0.26197723
DLinear(MAE-s),19,0.5839013751227754,0.14211851,0.2649253
DLinear(MAE-s),20,0.5678230286022488,0.14492452,0.26829267
DLinear(MAE-s),21,0.5627315756298602,0.14855877,0.27220187
DLinear(MAE-s),22,0.5545153274921274,0.1523582,0.27621898
DLinear(MAE-s),23,0.5454754975056155,0.15558009,0.27943805
DLinear(MAE-s),24,0.5441164002565653,0.15869983,0.28217563
DLinear(MAE-s),25,0.5383769380676764,0.16156508,0.2845616
DLinear(MAE-s),26,0.5257909139093229,0.16443844,0.28668544
DLinear(MAE-s),27,0.518433150338524,0.16711704,0.28850347
DLinear(MAE-s),28,0.5086355430523019,0.16990831,0.29106265
DLinear(MAE-s),29,0.49935996320785686,0.17361236,0.29434973
DLinear(MAE-s),30,0.4938857632163293,0.17666169,0.29686025
DLinear(MAE-s),31,0.491602422347701,0.17822734,0.29762152
DLinear(MAE-s),32,0.48183408480377665,0.1799844,0.29894045
DLinear(MAE-s),33,0.4782852045132195,0.18011215,0.2995004
DLinear(MAE-s),34,0.47030705401953393,0.18115948,0.30052847
DLinear(MAE-s),35,0.4721412146877756,0.1823363,0.3017494
DLinear(MAE-s),36,0.46708101798911383,0.18180382,0.30159146
DLinear(MAE-s),37,0.4660634962896539,0.1828867,0.3028731
DLinear(MAE-s),38,0.46261981679478364,0.18338294,0.30364463
DLinear(MAE-s),39,0.46105361528660693,0.18407993,0.30492017
DLinear(MAE-s),40,0.46460311387126346,0.1849236,0.3061742
DLinear(MAE-s),41,0.45785359191294955,0.18619716,0.3077118
DLinear(MAE-s),42,0.45961250353576333,0.18661436,0.30883366
DLinear(MAE-s),43,0.4598130651459165,0.1876608,0.3105704
DLinear(MAE-s),44,0.45399748404972634,0.18888098,0.31243673
DLinear(MAE-s),45,0.45015244176169444,0.18939707,0.31389531
DLinear(MAE-s),46,0.4502560052351119,0.19028066,0.3158462
DLinear(MAE-s),47,0.44748134237287135,0.19056477,0.31768134
DLinear(MAE-s),48,0.44463159808119945,0.19106112,0.31982088
DLinear(MAE-s),49,0.4383546509558795,0.19163918,0.3224177
DLinear(MAE-s),50,0.432672847255041,0.19257155,0.3248127
DLinear(MAE-s),51,0.4299947487651733,0.19339366,0.32747647
DLinear(MAE-s),52,0.42352288307879726,0.19401462,0.33006847
DLinear(MAE-s),53,0.415208375436512,0.19442388,0.33254322
DLinear(MAE-s),54,0.40954724563331013,0.19471425,0.3343896
DLinear(MAE-s),55,0.40343806314003183,0.19542137,0.3361606
DLinear(MAE-s),56,0.3944259886680085,0.19569196,0.3381893
DLinear(MAE-s),57,0.4008262348558706,0.195875,0.34002662
DLinear(MAE-s),58,0.40152512424052944,0.19645415,0.3416316
DLinear(MAE-s),59,0.3974314311885903,0.19695337,0.34315905
DLinear(MAE-s),60,0.3906843420622608,0.19765098,0.34437755
DLinear(MAE-s),61,0.38699056324989234,0.19820398,0.34568486
DLinear(MAE-s),62,0.38249698088074086,0.19870085,0.3470769
DLinear(MAE-s),63,0.38145181643660875,0.19937178,0.3486656
DLinear(Hub-1),1,0.9324621412549993,0.014454125,0.07311217
DLinear(Hub-1),2,0.9014499010404663,0.027386604,0.101697005
DLinear(Hub-1),3,0.8748987968502702,0.039229613,0.123905845
DLinear(Hub-1),4,0.8511755150268152,0.049809888,0.14137712
DLinear(Hub-1),5,0.8303584955913257,0.058835033,0.15490304
DLinear(Hub-1),6,0.8051938431450069,0.0669736,0.16674997
DLinear(Hub-1),7,0.7877928980958422,0.07391654,0.17763725
DLinear(Hub-1),8,0.7706295737883353,0.08014125,0.18669847
DLinear(Hub-1),9,0.7556701654127636,0.08557632,0.19467768
DLinear(Hub-1),10,0.7404081901045952,0.09082633,0.20261475
DLinear(Hub-1),11,0.7255013531668377,0.09553659,0.20951758
DLinear(Hub-1),12,0.7144216956821164,0.0995146,0.2149663
DLinear(Hub-1),13,0.7032086596143519,0.103613414,0.22050779
DLinear(Hub-1),14,0.691944836541139,0.10779616,0.2257482
DLinear(Hub-1),15,0.678132577893588,0.11170701,0.23055188
DLinear(Hub-1),16,0.6658154593652618,0.11518541,0.23558538
DLinear(Hub-1),17,0.6558515362951393,0.11819498,0.239933
DLinear(Hub-1),18,0.6472384089245863,0.12097761,0.24347545
DLinear(Hub-1),19,0.6391536580797558,0.12397583,0.2473511
DLinear(Hub-1),20,0.629460867584818,0.12692319,0.25135905
DLinear(Hub-1),21,0.6207897869501637,0.13088997,0.25602913
DLinear(Hub-1),22,0.6140475183889326,0.13486257,0.2609906
DLinear(Hub-1),23,0.6065322926075287,0.13876162,0.26565844
DLinear(Hub-1),24,0.5995668575046829,0.14279465,0.26990077
DLinear(Hub-1),25,0.5920670965308238,0.14675981,0.2741432
DLinear(Hub-1),26,0.5871987442836666,0.14992064,0.2775827
DLinear(Hub-1),27,0.5817735030997576,0.15275954,0.27972332
DLinear(Hub-1),28,0.5760835711275624,0.15543802,0.2818161
DLinear(Hub-1),29,0.568486034208093,0.15840575,0.2840243
DLinear(Hub-1),30,0.5623579750619493,0.16181263,0.28621805
DLinear(Hub-1),31,0.5547031456400195,0.16444035,0.28737146
DLinear(Hub-1),32,0.5490102754821837,0.16672114,0.28854987
DLinear(Hub-1),33,0.5441584133507006,0.1679611,0.28929257
DLinear(Hub-1),34,0.5407788756917004,0.16976476,0.2905159
DLinear(Hub-1),35,0.5370160373205,0.17177206,0.29247734
DLinear(Hub-1),36,0.5316178156961926,0.17295264,0.29409167
DLinear(Hub-1),37,0.5277934371081222,0.17435196,0.2956516
DLinear(Hub-1),38,0.5220912157085279,0.17589702,0.297325
DLinear(Hub-1),39,0.5173354698907675,0.17744674,0.29885992
DLinear(Hub-1),40,0.510999651139183,0.17858958,0.30019537
DLinear(Hub-1),41,0.5087749441408906,0.17968637,0.3013084
DLinear(Hub-1),42,0.5063114431346277,0.18071228,0.30311942
DLinear(Hub-1),43,0.5056699678423493,0.18157394,0.30427554
DLinear(Hub-1),44,0.5027682580168503,0.18232524,0.3058575
DLinear(Hub-1),45,0.500335711873142,0.18273441,0.3063893
DLinear(Hub-1),46,0.49738074110171576,0.18338908,0.30696702
DLinear(Hub-1),47,0.49482564236939613,0.1838984,0.30811572
DLinear(Hub-1),48,0.4930734310996207,0.18458559,0.3087596
DLinear(Hub-1),49,0.49025925049038843,0.18551254,0.31054166
DLinear(Hub-1),50,0.4887926035216486,0.18662159,0.31276885
DLinear(Hub-1),51,0.4860893076558564,0.18775788,0.3143515
DLinear(Hub-1),52,0.4821733332578692,0.18867914,0.31588745
DLinear(Hub-1),53,0.47804342493790314,0.18973726,0.31759155
DLinear(Hub-1),54,0.4745063462810301,0.1907371,0.31928793
DLinear(Hub-1),55,0.4680180656552274,0.1918009,0.32104015
DLinear(Hub-1),56,0.46194391792840767,0.19244865,0.32268694
DLinear(Hub-1),57,0.4573388996957984,0.1929248,0.3240882
DLinear(Hub-1),58,0.45292937406166717,0.19361529,0.325899
DLinear(Hub-1),59,0.4500515005775039,0.19448704,0.32780772
DLinear(Hub-1),60,0.4448550577512719,0.1953697,0.32931703
DLinear(Hub-1),61,0.44049490517159967,0.19616432,0.33041623
DLinear(Hub-1),62,0.43737066489078286,0.19673881,0.33117604
DLinear(Hub-1),63,0.43247184968529145,0.19726212,0.3319102
DLinear(Hub-0.3),1,0.8419913299015479,0.050192364,0.14626819
DLinear(Hub-0.3),2,0.8187523353763743,0.059109967,0.15887551
DLinear(Hub-0.3),3,0.7975563548020267,0.06663256,0.1691099
DLinear(Hub-0.3),4,0.7765616008219244,0.07401445,0.179522
DLinear(Hub-0.3),5,0.7587285852695888,0.081410296,0.18952444
DLinear(Hub-0.3),6,0.7417678896135137,0.08782398,0.19804518
DLinear(Hub-0.3),7,0.7266772798567669,0.09378441,0.20598795
DLinear(Hub-0.3),8,0.7121806452748178,0.0991439,0.2129193
DLinear(Hub-0.3),9,0.6982814535775259,0.10337405,0.21862443
DLinear(Hub-0.3),10,0.6850986553638778,0.10791397,0.22417898
DLinear(Hub-0.3),11,0.6723776304618356,0.11221564,0.22931972
DLinear(Hub-0.3),12,0.6614918715886677,0.11568573,0.23395666
DLinear(Hub-0.3),13,0.6498027405964022,0.11963283,0.2388612
DLinear(Hub-0.3),14,0.640526872902618,0.12336542,0.24340509
DLinear(Hub-0.3),15,0.6302244316042886,0.12733237,0.24793102
DLinear(Hub-0.3),16,0.6197759139381236,0.13091762,0.2520169
DLinear(Hub-0.3),17,0.6080375428418793,0.13430895,0.25606164
DLinear(Hub-0.3),18,0.5962579476264179,0.13728075,0.25981688
DLinear(Hub-0.3),19,0.5866775750148854,0.14072666,0.26375166
DLinear(Hub-0.3),20,0.5782187911029504,0.14355667,0.26718432
DLinear(Hub-0.3),21,0.5674382356196044,0.14727771,0.27113965
DLinear(Hub-0.3),22,0.5604122314937684,0.15056677,0.27468812
DLinear(Hub-0.3),23,0.5532303955281297,0.15372944,0.27785087
DLinear(Hub-0.3),24,0.5471364379257753,0.15703793,0.2807064
DLinear(Hub-0.3),25,0.5402480938932183,0.16002783,0.28317043
DLinear(Hub-0.3),26,0.5318161522798965,0.16318156,0.28562698
DLinear(Hub-0.3),27,0.5244601061315458,0.16600718,0.28771976
DLinear(Hub-0.3),28,0.5171709765936866,0.16859764,0.28986165
DLinear(Hub-0.3),29,0.5080975237879769,0.17163612,0.29221213
DLinear(Hub-0.3),30,0.5012106080442752,0.17442368,0.29449165
DLinear(Hub-0.3),31,0.4994668997622883,0.17629497,0.29559767
DLinear(Hub-0.3),32,0.4942009764259235,0.17821558,0.2971427
DLinear(Hub-0.3),33,0.49035654114481686,0.17881376,0.2980546
DLinear(Hub-0.3),34,0.48557387596210616,0.17973489,0.29909667
DLinear(Hub-0.3),35,0.48231469424926804,0.18083817,0.3001865
DLinear(Hub-0.3),36,0.47924856579992703,0.18079448,0.30064252
DLinear(Hub-0.3),37,0.4746941809108074,0.18141757,0.30166316
DLinear(Hub-0.3),38,0.471104820682152,0.18207885,0.3027685
DLinear(Hub-0.3),39,0.46867412280635645,0.18301593,0.30419648
DLinear(Hub-0.3),40,0.46573496545513143,0.18370275,0.3055037
DLinear(Hub-0.3),41,0.4611434571875807,0.18482885,0.3070239
DLinear(Hub-0.3),42,0.45764594049562707,0.18573809,0.30874035
DLinear(Hub-0.3),43,0.4531066147310932,0.18676165,0.31043452
DLinear(Hub-0.3),44,0.4529202162557,0.18759675,0.31208593
DLinear(Hub-0.3),45,0.44993838359630883,0.18820335,0.3137276
DLinear(Hub-0.3),46,0.4475485156790057,0.18901311,0.31566167
DLinear(Hub-0.3),47,0.44494571976973013,0.18945462,0.31777412
DLinear(Hub-0.3),48,0.442501509625214,0.19017632,0.32041398
DLinear(Hub-0.3),49,0.43763913808847443,0.19096881,0.32309723
DLinear(Hub-0.3),50,0.4337904704311575,0.19193642,0.32563317
DLinear(Hub-0.3),51,0.4302709849414618,0.19282667,0.32817352
DLinear(Hub-0.3),52,0.42879586664308095,0.19341806,0.3307127
DLinear(Hub-0.3),53,0.4249171861983205,0.19398805,0.3331532
DLinear(Hub-0.3),54,0.42293408314595204,0.19426613,0.33497623
DLinear(Hub-0.3),55,0.41676072695814004,0.19486825,0.33699176
DLinear(Hub-0.3),56,0.4150264117810634,0.19532114,0.33898112
DLinear(Hub-0.3),57,0.4106842904556125,0.19573104,0.34073412
DLinear(Hub-0.3),58,0.4068066069359412,0.19633791,0.3423099
DLinear(Hub-0.3),59,0.4034649334989952,0.19690605,0.3437129
DLinear(Hub-0.3),60,0.40016200007359115,0.19758809,0.34505934
DLinear(Hub-0.3),61,0.3963254755573074,0.19814557,0.34623718
DLinear(Hub-0.3),62,0.3923782649223947,0.19862962,0.34745246
DLinear(Hub-0.3),63,0.38859667676747084,0.19945663,0.34930444
PatchTST,1,0.9201678191761249,0.014371714,0.07540202
PatchTST,2,0.8836396529070664,0.028175153,0.10244025
PatchTST,3,0.8666407645518012,0.04001798,0.12602443
PatchTST,4,0.8389210577067071,0.051635157,0.14260863
PatchTST,5,0.8209594976749393,0.05878974,0.15332447
PatchTST,6,0.7865927334912955,0.070769876,0.16878258
PatchTST,7,0.7669021900087623,0.07712867,0.17874664
PatchTST,8,0.7556410902299301,0.08413638,0.19161429
PatchTST,9,0.7331788283756219,0.094153844,0.2031792
PatchTST,10,0.7152177484382694,0.099608615,0.20887697
PatchTST,11,0.7018644028346589,0.10415493,0.21684055
PatchTST,12,0.6864939291088499,0.110910416,0.2256737
PatchTST,13,0.6720200461668259,0.1140126,0.22912686
PatchTST,14,0.6646655998083402,0.11696371,0.22949073
PatchTST,15,0.6532267311622814,0.12140892,0.23802261
PatchTST,16,0.6321992747416784,0.12599632,0.24364696
PatchTST,17,0.6180845819461666,0.12900965,0.24727076
PatchTST,18,0.612259472656668,0.13540488,0.25376517
PatchTST,19,0.6003354269160446,0.14115995,0.25805005
PatchTST,20,0.5891812183182719,0.143414,0.26299214
PatchTST,21,0.5769839217638962,0.14652191,0.2692771
PatchTST,22,0.5625960456533444,0.15129447,0.2740623
PatchTST,23,0.5471549192010723,0.1615868,0.28450504
PatchTST,24,0.5448151398296573,0.16182306,0.2868537
PatchTST,25,0.525153798051595,0.17010595,0.29455084
PatchTST,26,0.5187856758633834,0.16964011,0.29574934
PatchTST,27,0.5122719291273027,0.17660458,0.30363393
PatchTST,28,0.49695121624026983,0.17683597,0.30122676
PatchTST,29,0.49119218223301847,0.18330659,0.30677924
PatchTST,30,0.4851151925346506,0.18720624,0.31208622
PatchTST,31,0.4723223190075234,0.19207971,0.31446826
PatchTST,32,0.46234729533351465,0.19369026,0.31534052
PatchTST,33,0.4615953438799476,0.195903,0.31654495
PatchTST,34,0.4431108150074452,0.19890854,0.3201645
PatchTST,35,0.4462433879159151,0.20464306,0.3237693
PatchTST,36,0.4277165100721224,0.20394862,0.3250262
PatchTST,37,0.4277410584041791,0.20894292,0.3304759
PatchTST,38,0.4110309317181932,0.21173011,0.33172294
PatchTST,39,0.41440823196362075,0.21417579,0.33609778
PatchTST,40,0.3997249494179906,0.2135558,0.33484954
PatchTST,41,0.40067208891843026,0.22095552,0.3411526
PatchTST,42,0.3970746474094217,0.21538496,0.3384092
PatchTST,43,0.3852661109152272,0.21445322,0.3375019
PatchTST,44,0.39550274218251363,0.21863309,0.34009454
PatchTST,45,0.391650475036566,0.22128657,0.3439283
PatchTST,46,0.37877720526923225,0.21971695,0.3436062
PatchTST,47,0.38085027197705673,0.22605087,0.3492512
PatchTST,48,0.37880820522090863,0.22551793,0.35094705
PatchTST,49,0.38201192293974995,0.21939647,0.3424014
PatchTST,50,0.38208560786233076,0.22829361,0.34847662
PatchTST,51,0.3729902722300894,0.22434807,0.34401137
PatchTST,52,0.37258209731762665,0.22908248,0.34857628
PatchTST,53,0.37037045539969676,0.22935218,0.34659034
PatchTST,54,0.37455474098951214,0.23483731,0.35158697
PatchTST,55,0.3664689871914682,0.23176834,0.34750536
PatchTST,56,0.36164341826790497,0.23710479,0.35261738
PatchTST,57,0.36199887715616985,0.24003431,0.35600844
PatchTST,58,0.36172037973029253,0.24533053,0.36150244
PatchTST,59,0.3569279132323235,0.24063466,0.3564087
PatchTST,60,0.35502211069932527,0.24646924,0.36509004
PatchTST,61,0.350779024221658,0.24506736,0.361386
PatchTST,62,0.35228662965104,0.24531366,0.36334544
PatchTST,63,0.3539285412687089,0.24787992,0.36108616
PatchTST(Hub-1),1,0.9222731044783419,0.014167204,0.074791774
PatchTST(Hub-1),2,0.888300708719418,0.027434632,0.10076985
PatchTST(Hub-1),3,0.8685639107713558,0.03888879,0.12379831
PatchTST(Hub-1),4,0.8393972185903553,0.0508088,0.14126134
PatchTST(Hub-1),5,0.8216503528660244,0.05804426,0.15277193
PatchTST(Hub-1),6,0.78886699955954,0.06816913,0.16523953
PatchTST(Hub-1),7,0.7657937799757547,0.07477739,0.1756455
PatchTST(Hub-1),8,0.7552795129723638,0.081564434,0.18891098
PatchTST(Hub-1),9,0.7349263774294027,0.09194042,0.20183066
PatchTST(Hub-1),10,0.7188152256559893,0.09540609,0.2054312
PatchTST(Hub-1),11,0.7021553388314135,0.10050152,0.21356244
PatchTST(Hub-1),12,0.6868762897615018,0.105873674,0.22005829
PatchTST(Hub-1),13,0.67199718277617,0.108791985,0.22449365
PatchTST(Hub-1),14,0.6640405894017735,0.112899154,0.2267294
PatchTST(Hub-1),15,0.6509938072473185,0.116811864,0.23366998
PatchTST(Hub-1),16,0.6318408798576715,0.122705884,0.24099015
PatchTST(Hub-1),17,0.6188317812367158,0.12599877,0.24410546
PatchTST(Hub-1),18,0.61272298786741,0.1319027,0.25013316
PatchTST(Hub-1),19,0.6044922160099301,0.13679023,0.25527394
PatchTST(Hub-1),20,0.5896362137314796,0.13990334,0.26055923
PatchTST(Hub-1),21,0.5768473436200666,0.14387925,0.2663778
PatchTST(Hub-1),22,0.5587335633042926,0.15011986,0.2734211
PatchTST(Hub-1),23,0.549445556778623,0.15772024,0.28148177
PatchTST(Hub-1),24,0.5443599617131935,0.15788402,0.2835237
PatchTST(Hub-1),25,0.5248350638916793,0.16765061,0.29285502
PatchTST(Hub-1),26,0.51852031623478,0.16776706,0.29352596
PatchTST(Hub-1),27,0.5133396070403232,0.17313848,0.29972562
PatchTST(Hub-1),28,0.4950972394078893,0.17498837,0.29899144
PatchTST(Hub-1),29,0.49113694160436966,0.180625,0.30408832
PatchTST(Hub-1),30,0.4837688562376073,0.18544114,0.30988806
PatchTST(Hub-1),31,0.47073056818202713,0.19063412,0.31273678
PatchTST(Hub-1),32,0.45966240820987425,0.19191052,0.3133464
PatchTST(Hub-1),33,0.459424492882511,0.19460067,0.31364864
PatchTST(Hub-1),34,0.4426459856546062,0.19693725,0.3184845
PatchTST(Hub-1),35,0.4432449264565644,0.20094536,0.32077244
PatchTST(Hub-1),36,0.4233548152498576,0.20067173,0.3216927
PatchTST(Hub-1),37,0.4241968380997,0.2068206,0.327771
PatchTST(Hub-1),38,0.40625945293539933,0.20859581,0.3287434
PatchTST(Hub-1),39,0.41242647652088854,0.21178417,0.33300337
PatchTST(Hub-1),40,0.396961009973086,0.21148589,0.33236757
PatchTST(Hub-1),41,0.3986124609503562,0.21664113,0.3378852
PatchTST(Hub-1),42,0.39317323775552887,0.21195742,0.33543494
PatchTST(Hub-1),43,0.38298254233894685,0.21279347,0.33562604
PatchTST(Hub-1),44,0.38999857199690435,0.21510363,0.33747953
PatchTST(Hub-1),45,0.38704366852331407,0.21724172,0.3404616
PatchTST(Hub-1),46,0.37427906910282255,0.21547,0.33881274
PatchTST(Hub-1),47,0.3769745187639252,0.2210888,0.34442022
PatchTST(Hub-1),48,0.37697564911504367,0.21961574,0.34400702
PatchTST(Hub-1),49,0.37654931362147503,0.21643728,0.33750507
PatchTST(Hub-1),50,0.3792438349674591,0.22268054,0.34239614
PatchTST(Hub-1),51,0.3686251143627344,0.22040755,0.33815423
PatchTST(Hub-1),52,0.368027220452797,0.22439295,0.3424486
PatchTST(Hub-1),53,0.36547043573735316,0.22650921,0.34269407
PatchTST(Hub-1),54,0.3699968934768137,0.2316773,0.34620178
PatchTST(Hub-1),55,0.35910695487768457,0.2285332,0.34366432
PatchTST(Hub-1),56,0.35284069346916885,0.23361573,0.3476179
PatchTST(Hub-1),57,0.35399628980104597,0.23712035,0.35184008
PatchTST(Hub-1),58,0.3536474748628736,0.24196541,0.35655978
PatchTST(Hub-1),59,0.34738560034096955,0.23989706,0.3545596
PatchTST(Hub-1),60,0.348136964581054,0.24360636,0.3608147
PatchTST(Hub-1),61,0.3421773819577037,0.24245918,0.35827076
PatchTST(Hub-1),62,0.3431181152233739,0.24298099,0.3602933
PatchTST(Hub-1),63,0.34494694499065975,0.24539752,0.35827792
HOT(product),1,0.8689367425046708,0.027156966,0.103743196
HOT(product),2,0.84408254315165,0.03728866,0.122990355
HOT(product),3,0.8202637005872877,0.046944235,0.13883623
HOT(product),4,0.7988166290209954,0.05576959,0.15202715
HOT(product),5,0.7789357637047437,0.06399638,0.1642156
HOT(product),6,0.7569016042987378,0.07183516,0.17502694
HOT(product),7,0.7383119541650713,0.079148695,0.18579304
HOT(product),8,0.7202868570672682,0.08578305,0.19544247
HOT(product),9,0.7054057210196631,0.09188437,0.20393308
HOT(product),10,0.6912638846734773,0.097563736,0.21148948
HOT(product),11,0.6758234586049011,0.10240412,0.21748644
HOT(product),12,0.6607732552443453,0.10700241,0.2239989
HOT(product),13,0.6466298800539726,0.111509494,0.2294027
HOT(product),14,0.6343016717427713,0.11577482,0.234603
HOT(product),15,0.6210518439861906,0.11996997,0.24005412
HOT(product),16,0.6063402339276203,0.12404493,0.24571498
HOT(product),17,0.5933581796898081,0.12791173,0.25091344
HOT(product),18,0.5797741170282373,0.1318379,0.25565517
HOT(product),19,0.5679533611504123,0.1361575,0.2608658
HOT(product),20,0.5553855606248159,0.14069611,0.26611495
HOT(product),21,0.5430903920626021,0.1455226,0.27152032
HOT(product),22,0.5311506797951521,0.15005535,0.27653098
HOT(product),23,0.5199827217296116,0.15419866,0.28114596
HOT(product),24,0.5092296962754176,0.15805636,0.28567606
HOT(product),25,0.49786598445598723,0.16230616,0.290553
HOT(product),26,0.48762070795257256,0.1659561,0.2945009
HOT(product),27,0.4783560552902644,0.16926953,0.2977547
HOT(product),28,0.4693007270068875,0.17220335,0.30096576
HOT(product),29,0.45956718305267563,0.17565979,0.30434796
HOT(product),30,0.448467274417647,0.1794715,0.30757958
HOT(product),31,0.43968224189207955,0.18275242,0.31031322
HOT(product),32,0.43196474410808483,0.18573588,0.31281915
HOT(product),33,0.42427776316931676,0.18757387,0.31430006
HOT(product),34,0.41657928457856896,0.18999486,0.3163277
HOT(product),35,0.40890881711552973,0.19295377,0.3189276
HOT(product),36,0.4012753179293024,0.19542836,0.3212189
HOT(product),37,0.39273077969566744,0.19769837,0.32289836
HOT(product),38,0.38500666911986614,0.19985974,0.32422072
HOT(product),39,0.3788167714163249,0.20197077,0.32563996
HOT(product),40,0.372723731188253,0.20392257,0.32703018
HOT(product),41,0.3678374543121801,0.20624757,0.3286943
HOT(product),42,0.3634376501342367,0.2081737,0.32999098
HOT(product),43,0.3604915662819351,0.21014906,0.33123562
HOT(product),44,0.3585158341396219,0.21164931,0.331817
HOT(product),45,0.3544990546635241,0.21301994,0.3325669
HOT(product),46,0.3517147764384134,0.21471237,0.33362487
HOT(product),47,0.350467434058068,0.21603608,0.33439583
HOT(product),48,0.3500917807791524,0.21731181,0.3350142
HOT(product),49,0.3497459514980831,0.21886198,0.33585933
HOT(product),50,0.34779690748906306,0.22067493,0.33681113
HOT(product),51,0.34685018378080507,0.22276638,0.3386395
HOT(product),52,0.3454661200954967,0.22415036,0.33998162
HOT(product),53,0.3447331870353717,0.22579245,0.3417278
HOT(product),54,0.3431580386330097,0.22752771,0.34411
HOT(product),55,0.34036726452730354,0.22990997,0.34704015
HOT(product),56,0.33762522705781606,0.23211776,0.34956798
HOT(product),57,0.33565750591759475,0.23304403,0.35041666
HOT(product),58,0.3344070368468637,0.23376092,0.35083428
HOT(product),59,0.3322527303284885,0.23514746,0.35202622
HOT(product),60,0.3310524107242809,0.23715687,0.35360172
HOT(product),61,0.33024250532232957,0.23911671,0.35484093
HOT(product),62,0.3292060446359289,0.24052231,0.3552348
HOT(product),63,0.32787295398224836,0.2422436,0.35610208
"HOT(prod,Hub-1)",1,0.8541739861950329,0.038224787,0.123208575
"HOT(prod,Hub-1)",2,0.8279056917487323,0.04813919,0.1410677
"HOT(prod,Hub-1)",3,0.8043778553054429,0.056678113,0.1555921
"HOT(prod,Hub-1)",4,0.7808457434149257,0.06541652,0.16813879
"HOT(prod,Hub-1)",5,0.7628992336821754,0.07226909,0.17842351
"HOT(prod,Hub-1)",6,0.7412436355927969,0.079339124,0.18676479
"HOT(prod,Hub-1)",7,0.7223196480654759,0.08593933,0.19544639
"HOT(prod,Hub-1)",8,0.7058241669085801,0.09194703,0.20421508
"HOT(prod,Hub-1)",9,0.690590910702863,0.09777093,0.21281527
"HOT(prod,Hub-1)",10,0.6780826334217849,0.10256004,0.22021759
"HOT(prod,Hub-1)",11,0.6610037746421398,0.10697725,0.22547902
"HOT(prod,Hub-1)",12,0.6453023060669683,0.11131651,0.23067892
"HOT(prod,Hub-1)",13,0.6318793969212968,0.11595484,0.23651992
"HOT(prod,Hub-1)",14,0.6207687358416134,0.12023553,0.24171285
"HOT(prod,Hub-1)",15,0.6090081518950795,0.12418271,0.24585298
"HOT(prod,Hub-1)",16,0.5942339318816454,0.1288389,0.25069898
"HOT(prod,Hub-1)",17,0.5825249245751869,0.13272709,0.25501433
"HOT(prod,Hub-1)",18,0.5705613932086367,0.13682295,0.25916603
"HOT(prod,Hub-1)",19,0.5604831329470609,0.14083733,0.2639573
"HOT(prod,Hub-1)",20,0.5489222995218901,0.1449638,0.26887828
"HOT(prod,Hub-1)",21,0.5373124955953774,0.1496615,0.27440053
"HOT(prod,Hub-1)",22,0.5276275657444592,0.15382361,0.27920246
"HOT(prod,Hub-1)",23,0.5187861357732036,0.15777671,0.28398648
"HOT(prod,Hub-1)",24,0.5083613703199641,0.1615684,0.28801396
"HOT(prod,Hub-1)",25,0.49570501302997017,0.16561553,0.2916013
"HOT(prod,Hub-1)",26,0.48547916945108116,0.16941004,0.2951499
"HOT(prod,Hub-1)",27,0.47486606092690614,0.17267594,0.29781106
"HOT(prod,Hub-1)",28,0.46535619328202465,0.17607965,0.3011432
"HOT(prod,Hub-1)",29,0.4563771039225779,0.17979048,0.3046593
"HOT(prod,Hub-1)",30,0.44624056862261496,0.18353122,0.30796745
"HOT(prod,Hub-1)",31,0.43769269475069567,0.18681712,0.31081846
"HOT(prod,Hub-1)",32,0.43012686858199706,0.1896595,0.31332368
"HOT(prod,Hub-1)",33,0.4222514348387239,0.19146459,0.31515008
"HOT(prod,Hub-1)",34,0.4157060259168165,0.19337498,0.31704485
"HOT(prod,Hub-1)",35,0.4090647294076124,0.19584545,0.3194911
"HOT(prod,Hub-1)",36,0.4003150621014802,0.19732556,0.32092604
"HOT(prod,Hub-1)",37,0.39290016169863057,0.19907486,0.3226078
"HOT(prod,Hub-1)",38,0.38676370211533606,0.20111054,0.3243081
"HOT(prod,Hub-1)",39,0.3830293305517351,0.20346542,0.32648155
"HOT(prod,Hub-1)",40,0.3767495651519079,0.20513646,0.3278341
"HOT(prod,Hub-1)",41,0.37040927477963964,0.20689364,0.32879192
"HOT(prod,Hub-1)",42,0.36599333153457997,0.20885372,0.3300675
"HOT(prod,Hub-1)",43,0.36324118759437946,0.21072635,0.33107615
"HOT(prod,Hub-1)",44,0.3607463744603256,0.2122166,0.33149534
"HOT(prod,Hub-1)",45,0.3568037781706029,0.21346594,0.33195525
"HOT(prod,Hub-1)",46,0.35460405965514125,0.21516588,0.33321172
"HOT(prod,Hub-1)",47,0.35200599752189443,0.216362,0.3338581
"HOT(prod,Hub-1)",48,0.35080866065588295,0.21747611,0.33429602
"HOT(prod,Hub-1)",49,0.349881176930804,0.21897511,0.33513463
"HOT(prod,Hub-1)",50,0.3488122626912618,0.22086154,0.33633026
"HOT(prod,Hub-1)",51,0.34755393324239453,0.22251633,0.3376233
"HOT(prod,Hub-1)",52,0.3463202601071195,0.22362144,0.33871776
"HOT(prod,Hub-1)",53,0.3456492889391154,0.22485118,0.3399532
"HOT(prod,Hub-1)",54,0.34328088995253925,0.2257705,0.34112352
"HOT(prod,Hub-1)",55,0.3396478596687181,0.22710213,0.34272456
"HOT(prod,Hub-1)",56,0.3381196718966563,0.22905749,0.34536955
"HOT(prod,Hub-1)",57,0.33811320525509214,0.2309077,0.3476781
"HOT(prod,Hub-1)",58,0.3367504375754128,0.23162304,0.34838122
"HOT(prod,Hub-1)",59,0.3366111836505089,0.2341249,0.3511088
"HOT(prod,Hub-1)",60,0.33468538557310934,0.23498628,0.3516708
"HOT(prod,Hub-1)",61,0.3342236446465975,0.23676911,0.35292673
"HOT(prod,Hub-1)",62,0.3327708008248085,0.23748767,0.3526284
"HOT(prod,Hub-1)",63,0.33204157814829316,0.2389515,0.35342303
HOT(sum),1,0.8890514327228226,0.026469214,0.102079555
HOT(sum),2,0.8632798746864143,0.036630504,0.12136322
HOT(sum),3,0.8386700189800912,0.046060603,0.1377933
HOT(sum),4,0.81725918293674,0.05494038,0.1512023
HOT(sum),5,0.7977799413261373,0.0633978,0.16391428
HOT(sum),6,0.7725543182084006,0.07132184,0.17541945
HOT(sum),7,0.7526296558893162,0.07865835,0.18646668
HOT(sum),8,0.7336014699461767,0.08542304,0.19632013
HOT(sum),9,0.7186992514330461,0.09170823,0.20527975
HOT(sum),10,0.7048769252201635,0.09714269,0.21284364
HOT(sum),11,0.6860672866867374,0.1018565,0.21914418
HOT(sum),12,0.6713857002156325,0.1062591,0.22518235
HOT(sum),13,0.655500074850359,0.110659875,0.23065634
HOT(sum),14,0.6440877075901514,0.114543736,0.2355582
HOT(sum),15,0.6321605700417285,0.11852629,0.24036765
HOT(sum),16,0.6163680081571309,0.122871384,0.24617377
HOT(sum),17,0.604683808290579,0.12683095,0.25141507
HOT(sum),18,0.5927339816058373,0.13073888,0.25562775
HOT(sum),19,0.5820474753839426,0.13472354,0.2602138
HOT(sum),20,0.5699590836342042,0.1391153,0.26519784
HOT(sum),21,0.5578853031401406,0.14411646,0.27080473
HOT(sum),22,0.5459512827397591,0.14875276,0.27567953
HOT(sum),23,0.5335856311497896,0.15293068,0.28023288
HOT(sum),24,0.5235705926303205,0.15723397,0.28545895
HOT(sum),25,0.5105395021469807,0.16203871,0.2911411
HOT(sum),26,0.5000497626625285,0.16598329,0.29541767
HOT(sum),27,0.49172595474681796,0.16918674,0.29853204
HOT(sum),28,0.4825585824412187,0.17223528,0.30176792
HOT(sum),29,0.4736186292533153,0.176135,0.30559093
HOT(sum),30,0.4616045726171246,0.1801092,0.30898708
HOT(sum),31,0.45109917350329426,0.18335816,0.31161466
HOT(sum),32,0.4419180999554444,0.18595567,0.31342593
HOT(sum),33,0.4341992878429219,0.18801439,0.31488144
HOT(sum),34,0.4281835411351056,0.19104874,0.3176187
HOT(sum),35,0.419106741655801,0.19432224,0.32053372
HOT(sum),36,0.41008905673142404,0.1971372,0.32313877
HOT(sum),37,0.40079957991938087,0.19956978,0.32509065
HOT(sum),38,0.39209442850996845,0.20202546,0.32672986
HOT(sum),39,0.38526581166904417,0.20404316,0.3279863
HOT(sum),40,0.37825817523977434,0.2058961,0.32932904
HOT(sum),41,0.37279839038280327,0.20810592,0.33086568
HOT(sum),42,0.3668128678759907,0.20995696,0.33240265
HOT(sum),43,0.36415454266161507,0.21187855,0.3337626
HOT(sum),44,0.36317636226239275,0.21341716,0.33445913
HOT(sum),45,0.3599741152434395,0.21499549,0.3353542
HOT(sum),46,0.3572372043045355,0.21660408,0.33639404
HOT(sum),47,0.3554452810082324,0.21775897,0.3372881
HOT(sum),48,0.354951665121229,0.21903077,0.33792746
HOT(sum),49,0.3541806463080963,0.22047977,0.33857164
HOT(sum),50,0.35099484396609737,0.22226952,0.3395729
HOT(sum),51,0.34954436139003814,0.2243043,0.34121478
HOT(sum),52,0.34746257265887653,0.22573154,0.34266815
HOT(sum),53,0.3469787655292954,0.22740377,0.34429035
HOT(sum),54,0.34565761241919063,0.22990096,0.3474077
HOT(sum),55,0.3428520318507185,0.2324747,0.3505328
HOT(sum),56,0.3400533984802993,0.2345991,0.3529676
HOT(sum),57,0.3373145971074363,0.23580073,0.3541515
HOT(sum),58,0.33559086412032363,0.23683888,0.35495412
HOT(sum),59,0.33297315443388786,0.23823798,0.35602483
HOT(sum),60,0.33153887165905593,0.2399189,0.35708794
HOT(sum),61,0.3300835076181855,0.24200022,0.35822943
HOT(sum),62,0.32949498833889257,0.2434409,0.35842654
HOT(sum),63,0.3288464884348553,0.24547245,0.35954356
"HOT(sum,Hub-1)",1,0.8154431877878766,0.056129597,0.15193243
"HOT(sum,Hub-1)",2,0.7947502220206686,0.06381572,0.16283298
"HOT(sum,Hub-1)",3,0.7748114532211856,0.07058288,0.1734687
"HOT(sum,Hub-1)",4,0.7579518785949351,0.07694803,0.18317431
"HOT(sum,Hub-1)",5,0.7407640889346992,0.08298378,0.1915322
"HOT(sum,Hub-1)",6,0.7219610978754938,0.08917799,0.19993812
"HOT(sum,Hub-1)",7,0.7057901887366779,0.09502465,0.20720534
"HOT(sum,Hub-1)",8,0.6912647612433734,0.10095172,0.21491224
"HOT(sum,Hub-1)",9,0.6798165802326391,0.10584804,0.22072348
"HOT(sum,Hub-1)",10,0.6669189231069153,0.10984677,0.22581112
"HOT(sum,Hub-1)",11,0.6520999872942497,0.11372332,0.23104616
"HOT(sum,Hub-1)",12,0.6387868918377555,0.11727553,0.23645747
"HOT(sum,Hub-1)",13,0.6268586727909008,0.12156519,0.24185006
"HOT(sum,Hub-1)",14,0.6176909386478792,0.12505782,0.24588865
"HOT(sum,Hub-1)",15,0.6057371569535843,0.12871633,0.25020805
"HOT(sum,Hub-1)",16,0.5941147427413807,0.13191901,0.25496903
"HOT(sum,Hub-1)",17,0.5831051528747839,0.13500068,0.25909087
"HOT(sum,Hub-1)",18,0.5728787412814528,0.13854887,0.26314297
"HOT(sum,Hub-1)",19,0.5631980369507101,0.14211354,0.26706272
"HOT(sum,Hub-1)",20,0.552283548376711,0.14587313,0.27168775
"HOT(sum,Hub-1)",21,0.5416427878530383,0.1500947,0.27639148
"HOT(sum,Hub-1)",22,0.5301832267206941,0.15403125,0.2805702
"HOT(sum,Hub-1)",23,0.5202091161788908,0.15745233,0.28417704
"HOT(sum,Hub-1)",24,0.5117292220006328,0.16130175,0.28841773
"HOT(sum,Hub-1)",25,0.5002240354283299,0.16544722,0.2927126
"HOT(sum,Hub-1)",26,0.490637430880771,0.16847351,0.29598674
"HOT(sum,Hub-1)",27,0.48309561368195814,0.17138936,0.29836863
"HOT(sum,Hub-1)",28,0.4754849469973357,0.17459549,0.3014702
"HOT(sum,Hub-1)",29,0.4639042871357908,0.17869139,0.3054696
"HOT(sum,Hub-1)",30,0.454601123807314,0.18251385,0.30920255
"HOT(sum,Hub-1)",31,0.44663778578305935,0.18609692,0.31209862
"HOT(sum,Hub-1)",32,0.43910871440955784,0.18914092,0.31511238
"HOT(sum,Hub-1)",33,0.4297548877462146,0.19170354,0.31739086
"HOT(sum,Hub-1)",34,0.4235100980697706,0.19433203,0.3193548
"HOT(sum,Hub-1)",35,0.4160659966030371,0.1967864,0.32117796
"HOT(sum,Hub-1)",36,0.4079748176330731,0.19895472,0.32280007
"HOT(sum,Hub-1)",37,0.3987074854622191,0.20116353,0.32415465
"HOT(sum,Hub-1)",38,0.39119164647364146,0.20375846,0.3254721
"HOT(sum,Hub-1)",39,0.3866277588024806,0.20560586,0.3262915
"HOT(sum,Hub-1)",40,0.3803179334482999,0.207587,0.3278753
"HOT(sum,Hub-1)",41,0.37389008210889735,0.20930924,0.3292598
"HOT(sum,Hub-1)",42,0.3692834067559896,0.21181273,0.33123046
"HOT(sum,Hub-1)",43,0.3671252029644224,0.21373488,0.3318773
"HOT(sum,Hub-1)",44,0.3653364160189212,0.21574898,0.3328463
"HOT(sum,Hub-1)",45,0.3608528609646543,0.21723282,0.33398768
"HOT(sum,Hub-1)",46,0.3575140075512236,0.2191377,0.33565968
"HOT(sum,Hub-1)",47,0.35384624949382537,0.2210633,0.33669236
"HOT(sum,Hub-1)",48,0.35478279206424895,0.22283252,0.33807608
"HOT(sum,Hub-1)",49,0.3509633430656555,0.22487345,0.33963296
"HOT(sum,Hub-1)",50,0.3474335918776259,0.22722833,0.3417063
"HOT(sum,Hub-1)",51,0.34379745099232745,0.22966379,0.34372735
"HOT(sum,Hub-1)",52,0.3436280987175329,0.23165153,0.34545484
"HOT(sum,Hub-1)",53,0.3434647611518513,0.23298489,0.34710005
"HOT(sum,Hub-1)",54,0.34185409015627943,0.23463044,0.34876257
"HOT(sum,Hub-1)",55,0.33864383627644923,0.23703727,0.35110748
"HOT(sum,Hub-1)",56,0.336345921337421,0.2385901,0.3528102
"HOT(sum,Hub-1)",57,0.3339142759885543,0.23970817,0.35345647
"HOT(sum,Hub-1)",58,0.3334264393230917,0.24114661,0.35453016
"HOT(sum,Hub-1)",59,0.329420782411286,0.24291469,0.35617894
"HOT(sum,Hub-1)",60,0.32722343322614206,0.2449065,0.3580448
"HOT(sum,Hub-1)",61,0.32697226154338627,0.24624808,0.3587388
"HOT(sum,Hub-1)",62,0.3261615531176498,0.24744949,0.35942915
"HOT(sum,Hub-1)",63,0.32350292353343346,0.24885139,0.3604715
DynGWN,1,0.918857655162018,0.02876944,0.12835643
DynGWN,2,0.8882859576841445,0.038253624,0.14093167
DynGWN,3,0.8622883252424138,0.047941826,0.15575439
DynGWN,4,0.8394344549747896,0.055798955,0.16602938
DynGWN,5,0.8180780996942563,0.062858984,0.17313443
DynGWN,6,0.7927336858056665,0.06986078,0.17960854
DynGWN,7,0.7733657313811995,0.077089846,0.19281869
DynGWN,8,0.754922360639679,0.08321555,0.20147344
DynGWN,9,0.7396162987561886,0.08904377,0.2085694
DynGWN,10,0.7232628565566191,0.09420365,0.21772401
DynGWN,11,0.7053192211990431,0.097725466,0.21990956
DynGWN,12,0.6909220970705909,0.10174286,0.22575645
DynGWN,13,0.6765356036726926,0.105489366,0.22883753
DynGWN,14,0.6641575595040919,0.10908533,0.23149301
DynGWN,15,0.6510712653578292,0.11271097,0.23622148
DynGWN,16,0.6372504574100054,0.11652306,0.24230321
DynGWN,17,0.6268215302164782,0.11938025,0.24480623
DynGWN,18,0.6179565278942689,0.12225992,0.24807839
DynGWN,19,0.608475698980504,0.12565772,0.25311124
DynGWN,20,0.5969293002934823,0.12939775,0.25863317
DynGWN,21,0.5836374225102212,0.13361806,0.26265183
DynGWN,22,0.5728900506588116,0.13777173,0.26709825
DynGWN,23,0.5638702013450705,0.14287528,0.27239227
DynGWN,24,0.5538683744957206,0.14642517,0.27507982
DynGWN,25,0.5434720363893275,0.15192668,0.27954224
DynGWN,26,0.5340291263313803,0.15683243,0.28515506
DynGWN,27,0.5254658920907764,0.15965907,0.288335
DynGWN,28,0.5170796268110543,0.16256693,0.28894058
DynGWN,29,0.5068465642913491,0.16591525,0.29145718
DynGWN,30,0.4964025278184469,0.16899902,0.29243195
DynGWN,31,0.4872435803294899,0.1719555,0.2935128
DynGWN,32,0.47953112980041845,0.17425723,0.29345226
DynGWN,33,0.4717503351716117,0.1757091,0.29332206
DynGWN,34,0.4638992716614314,0.17663401,0.29330233
DynGWN,35,0.45309754386153167,0.17820004,0.29382882
DynGWN,36,0.44290427408417476,0.17938866,0.29605666
DynGWN,37,0.43446478746028155,0.18025969,0.29758117
DynGWN,38,0.42619138065107914,0.18212754,0.2989583
DynGWN,39,0.4188527575662889,0.18528682,0.3009728
DynGWN,40,0.41020005744351073,0.18720596,0.3035587
DynGWN,41,0.40405025855564153,0.18701573,0.30327633
DynGWN,42,0.39967522905213004,0.18931895,0.30490556
DynGWN,43,0.39553670222689685,0.19159178,0.3061216
DynGWN,44,0.3912946260623533,0.19255707,0.30735898
DynGWN,45,0.3854705365118101,0.1929247,0.3076802
DynGWN,46,0.3809700420935598,0.19340822,0.30745113
DynGWN,47,0.3778426014188955,0.19429371,0.30834937
DynGWN,48,0.3750170016643576,0.1950973,0.30876523
DynGWN,49,0.3713593590358829,0.19670372,0.31003457
DynGWN,50,0.36683494270355665,0.19734524,0.31162092
DynGWN,51,0.3634032984768024,0.19792739,0.3128781
DynGWN,52,0.35989918348925143,0.19900818,0.31548083
DynGWN,53,0.35773713586463124,0.20083992,0.3171882
DynGWN,54,0.3540679990945376,0.20258202,0.31875166
DynGWN,55,0.3493648144286644,0.20331725,0.32098058
DynGWN,56,0.34694778390350056,0.20514573,0.3232803
DynGWN,57,0.34498468953613104,0.20356104,0.32476866
DynGWN,58,0.34318700094927934,0.20462778,0.32702738
DynGWN,59,0.340996652670669,0.2030672,0.32869434
DynGWN,60,0.33894475160950255,0.20427747,0.33039835
DynGWN,61,0.3383859767188966,0.2050924,0.33145514
DynGWN,62,0.3379657758558891,0.20536451,0.33186662
DynGWN,63,0.33661677040682636,0.20747519,0.33413312
DynGWN(Hub-orig),1,0.9196017740480145,0.027241796,0.11693723
DynGWN(Hub-orig),2,0.889713205434459,0.03681794,0.13129571
DynGWN(Hub-orig),3,0.8635160335458045,0.046388093,0.14654619
DynGWN(Hub-orig),4,0.8408493311615621,0.05589865,0.16195586
DynGWN(Hub-orig),5,0.8191449199735886,0.06360355,0.17137086
DynGWN(Hub-orig),6,0.794243156758951,0.07132052,0.18127279
DynGWN(Hub-orig),7,0.7747476392309153,0.077894725,0.18991587
DynGWN(Hub-orig),8,0.7571360224157804,0.08492449,0.20092729
DynGWN(Hub-orig),9,0.7409011004910816,0.09173784,0.21055382
DynGWN(Hub-orig),10,0.7243355333025183,0.096217945,0.21590202
DynGWN(Hub-orig),11,0.7070499724895882,0.10060436,0.22030371
DynGWN(Hub-orig),12,0.6927564561432568,0.10473507,0.22505857
DynGWN(Hub-orig),13,0.6781913386333736,0.10861577,0.23004176
DynGWN(Hub-orig),14,0.6658326247494166,0.11307562,0.23591754
DynGWN(Hub-orig),15,0.6530209575285127,0.11514434,0.23781711
DynGWN(Hub-orig),16,0.6395654569674851,0.118342414,0.24241035
DynGWN(Hub-orig),17,0.6290643584514961,0.121097,0.2456546
DynGWN(Hub-orig),18,0.6198376411855318,0.124247685,0.24960306
DynGWN(Hub-orig),19,0.6097484461321291,0.12725404,0.25341856
DynGWN(Hub-orig),20,0.5980610147307445,0.13077815,0.2571269
DynGWN(Hub-orig),21,0.5852283354341974,0.13617696,0.2630941
DynGWN(Hub-orig),22,0.5744144724869554,0.14100242,0.2685505
DynGWN(Hub-orig),23,0.5649015418511202,0.1452232,0.27275413
DynGWN(Hub-orig),24,0.5551056191451639,0.14894815,0.27650568
DynGWN(Hub-orig),25,0.5448161403880935,0.15232973,0.27959153
DynGWN(Hub-orig),26,0.5353637988764183,0.15615241,0.2825446
DynGWN(Hub-orig),27,0.5270387291801689,0.15924677,0.285457
DynGWN(Hub-orig),28,0.5185185983443489,0.1628115,0.28774264
DynGWN(Hub-orig),29,0.5088219642642875,0.16633031,0.28972718
DynGWN(Hub-orig),30,0.49848967825870105,0.17019317,0.2917769
DynGWN(Hub-orig),31,0.48946531155378886,0.17351419,0.29351747
DynGWN(Hub-orig),32,0.4817774424601135,0.17574096,0.2937007
DynGWN(Hub-orig),33,0.47361769583440255,0.17845082,0.29509622
DynGWN(Hub-orig),34,0.46542477265783655,0.18056233,0.2956976
DynGWN(Hub-orig),35,0.45519425478193104,0.1827824,0.29757336
DynGWN(Hub-orig),36,0.44490441675561926,0.18402548,0.29902202
DynGWN(Hub-orig),37,0.43626254521769087,0.18508399,0.3004912
DynGWN(Hub-orig),38,0.4279457756983409,0.18697803,0.30240175
DynGWN(Hub-orig),39,0.4203505542539773,0.1885856,0.30333203
DynGWN(Hub-orig),40,0.411883075190703,0.19050437,0.304777
DynGWN(Hub-orig),41,0.4057721963457363,0.19136597,0.30566192
DynGWN(Hub-orig),42,0.4009627354462034,0.19235806,0.30675763
DynGWN(Hub-orig),43,0.39650657199829586,0.1932354,0.30800146
DynGWN(Hub-orig),44,0.39213533624813773,0.1947541,0.30925927
DynGWN(Hub-orig),45,0.38648477058952735,0.19562156,0.31047606
DynGWN(Hub-orig),46,0.38221913580028516,0.19533949,0.31057146
DynGWN(Hub-orig),47,0.37891535879255667,0.19640067,0.31112576
DynGWN(Hub-orig),48,0.3759870421982451,0.19834535,0.3124162
DynGWN(Hub-orig),49,0.372323765818452,0.19904675,0.3128602
DynGWN(Hub-orig),50,0.3677340764981057,0.20058036,0.3141074
DynGWN(Hub-orig),51,0.36418345777538363,0.20183498,0.31547076
DynGWN(Hub-orig),52,0.3604005564649845,0.20196715,0.31689334
DynGWN(Hub-orig),53,0.3577645990859193,0.20305847,0.31868225
DynGWN(Hub-orig),54,0.35400014538918895,0.20420651,0.32057995
DynGWN(Hub-orig),55,0.3496251486872746,0.20451324,0.32244477
DynGWN(Hub-orig),56,0.34712288138913566,0.20464034,0.3243303
DynGWN(Hub-orig),57,0.34506942792965956,0.20493536,0.32650012
DynGWN(Hub-orig),58,0.34332027989833414,0.20609625,0.32881603
DynGWN(Hub-orig),59,0.3412670441598355,0.20650528,0.33032316
DynGWN(Hub-orig),60,0.3393119009861224,0.20733951,0.33179238
DynGWN(Hub-orig),61,0.33886275983859615,0.20781747,0.33330414
DynGWN(Hub-orig),62,0.33818038232761277,0.20828024,0.33468378
DynGWN(Hub-orig),63,0.3368363803733504,0.20945863,0.3368052
