model,horizon,ic,mse,mae,lsts_level,lsts_skew,lsts_term,lsts_curvature
Persist(ref),1,,0.00013165102,0.006236634,8.566110045649111e-05,0.007538115605711937,0.026335636153817177,2.8177955755381845e-05
Persist(ref),2,,0.0002244956,0.008437703,0.00015122156764846295,0.009651762433350086,0.03605297952890396,3.364300209796056e-05
Persist(ref),3,,0.000322028,0.010001839,0.00022373130195774138,0.010993655771017075,0.04339428246021271,3.5418688639765605e-05
Persist(ref),4,,0.00040003084,0.011259203,0.00027937701088376343,0.012511729262769222,0.05055682361125946,3.802172068390064e-05
Persist(ref),5,,0.00047067433,0.012489737,0.00033044081646949053,0.013661208562552929,0.05720503255724907,4.019418702227995e-05
Persist(ref),6,,0.00053621334,0.013577047,0.0003765295259654522,0.014932163059711456,0.06313585489988327,4.221391282044351e-05
Persist(ref),7,,0.0005967404,0.014522844,0.0004197547386866063,0.016315298154950142,0.07047855108976364,4.50212464784272e-05
Persist(ref),8,,0.0006384715,0.01513862,0.0004501217044889927,0.01715991646051407,0.07510245591402054,4.640874976757914e-05
Persist(ref),9,,0.00068319874,0.015751619,0.000484386517200619,0.017784450203180313,0.07573059946298599,4.706615800387226e-05
Persist(ref),10,,0.00073247094,0.016432274,0.0005224990891292691,0.018679430708289146,0.07859497517347336,4.84869051433634e-05
Persist(ref),11,,0.00077327294,0.017152857,0.0005550355999730527,0.019065309315919876,0.07903718948364258,4.847878517466597e-05
Persist(ref),12,,0.00081125525,0.017692994,0.0005864669219590724,0.01942514069378376,0.07841184735298157,4.838562017539516e-05
Persist(ref),13,,0.00083993684,0.018106263,0.0006101095932535827,0.019903037697076797,0.0780169665813446,5.008032530895434e-05
Persist(ref),14,,0.000871836,0.018484272,0.000637686054687947,0.0203875619918108,0.07725421339273453,5.11657890456263e-05
Persist(ref),15,,0.0008918787,0.01881057,0.0006563423085026443,0.02058781310915947,0.07359959930181503,5.1929480832768604e-05
Persist(ref),16,,0.000915985,0.01915097,0.0006771364132873714,0.02086610160768032,0.07030664384365082,5.219305967330001e-05
Persist(ref),17,,0.0009302911,0.01943246,0.0006908823270350695,0.021086381748318672,0.06717069447040558,5.304492879076861e-05
Persist(ref),18,,0.0009376275,0.019601863,0.0007006055093370378,0.020856423303484917,0.062208447605371475,5.253768540569581e-05
Persist(ref),19,,0.00095466163,0.019915052,0.0007180574466474354,0.02090025693178177,0.06044122576713562,5.2806135499849916e-05
Persist(ref),20,,0.0009647437,0.020286947,0.0007288598571904004,0.020860761404037476,0.05657457932829857,5.264025821816176e-05
Persist(ref),21,,0.0009990035,0.020722596,0.0007572384783998132,0.021143345162272453,0.05641449987888336,5.28327000210993e-05
Persist(ref),22,,0.0010403162,0.021172177,0.0007904416997916996,0.02171473763883114,0.05700503662228584,5.406475247582421e-05
Persist(ref),23,,0.0010679449,0.021553904,0.0008137458353303373,0.022175868973135948,0.05884796380996704,5.529303598450497e-05
Persist(ref),24,,0.0011082392,0.021879744,0.0008464729180559516,0.022832147777080536,0.06202980503439903,5.6080367357935756e-05
Persist(ref),25,,0.0011498862,0.022315063,0.0008805497200228274,0.023085739463567734,0.06497013568878174,5.6611450418131426e-05
Persist(ref),26,,0.0011831018,0.022702215,0.0009058170253410935,0.023834113031625748,0.06818892806768417,5.8584722864907235e-05
Persist(ref),27,,0.00120519,0.022895522,0.0009241171064786613,0.023924289271235466,0.07010094076395035,5.850803790963255e-05
Persist(ref),28,,0.0012177735,0.023107214,0.0009353022323921323,0.024141553789377213,0.07282929867506027,5.910114123253152e-05
Persist(ref),29,,0.001235452,0.023274006,0.0009510177769698203,0.02479497343301773,0.07459473609924316,6.131733243819326e-05
Persist(ref),30,,0.0012583907,0.023495743,0.0009703164687380195,0.025349333882331848,0.07792863249778748,6.235895125428215e-05
Persist(ref),31,,0.0012789778,0.02365136,0.0009882389567792416,0.025536058470606804,0.07810106128454208,6.219129863893613e-05
Persist(ref),32,,0.0012984582,0.023762908,0.0010042634094133973,0.025634273886680603,0.07719048112630844,6.0902042605448514e-05
Persist(ref),33,,0.0013196571,0.023880526,0.0010221502743661404,0.02579564042389393,0.07610564678907394,6.059272345737554e-05
Persist(ref),34,,0.0013434232,0.024061773,0.0010405350476503372,0.026462741196155548,0.07577058672904968,6.208422564668581e-05
Persist(ref),35,,0.0013741651,0.02428054,0.0010643398854881525,0.027244320139288902,0.07546024024486542,6.397829565685242e-05
Persist(ref),36,,0.0013992984,0.024549162,0.001083863782696426,0.027427567169070244,0.07458470016717911,6.353866046993062e-05
Persist(ref),37,,0.0014173827,0.024809651,0.0010998798534274101,0.027676749974489212,0.0721653401851654,6.417287659132853e-05
Persist(ref),38,,0.0014339891,0.025094045,0.001115654595196247,0.02775467559695244,0.06966061145067215,6.459237920353189e-05
Persist(ref),39,,0.0014529609,0.025282089,0.001133203855715692,0.028025822713971138,0.06697015464305878,6.529923848574981e-05
Persist(ref),40,,0.0014629802,0.025490267,0.001143096829764545,0.02797158993780613,0.06620422005653381,6.538440356962383e-05
Persist(ref),41,,0.0014789978,0.025693765,0.0011561602586880326,0.028727956116199493,0.06638894975185394,6.800006667617708e-05
Persist(ref),42,,0.0014866693,0.025851825,0.0011641663732007146,0.02858024835586548,0.0672198235988617,6.742707773810253e-05
Persist(ref),43,,0.0014995544,0.026033927,0.0011757216416299343,0.028595933690667152,0.06663542240858078,6.759497046004981e-05
Persist(ref),44,,0.0015064859,0.026192814,0.0011816920014098287,0.02858724817633629,0.06770821660757065,6.656435289187357e-05
Persist(ref),45,,0.0015133676,0.026304282,0.0011867701541632414,0.02899031713604927,0.07062479108572006,6.785427831346169e-05
Persist(ref),46,,0.0015239388,0.026507156,0.0011952463537454605,0.02924768067896366,0.07383888959884644,6.882964225951582e-05
Persist(ref),47,,0.0015303135,0.026644299,0.0012012827210128307,0.02923506498336792,0.0759260356426239,6.831003702245653e-05
Persist(ref),48,,0.0015374962,0.026772765,0.0012065180344507098,0.02987891063094139,0.07898423075675964,7.068364357110113e-05
Persist(ref),49,,0.0015495243,0.026840402,0.001215677009895444,0.030013054609298706,0.08117816597223282,6.987183587625623e-05
Persist(ref),50,,0.0015631991,0.026926262,0.001225161598995328,0.030277792364358902,0.08404256403446198,6.971061520744115e-05
Persist(ref),51,,0.001579442,0.026989877,0.0012372377095744014,0.030603086575865746,0.08468812704086304,6.959738675504923e-05
Persist(ref),52,,0.0016017176,0.027176742,0.0012544321361929178,0.031127935275435448,0.08639615029096603,7.104353426257148e-05
Persist(ref),53,,0.0016215049,0.027349273,0.0012695923214778304,0.03150765225291252,0.08473014831542969,7.089722930686548e-05
Persist(ref),54,,0.0016480559,0.027589938,0.0012891803635284305,0.0325600691139698,0.0837477520108223,7.37222217139788e-05
Persist(ref),55,,0.0016636358,0.027726956,0.0013004593783989549,0.032815687358379364,0.08352620899677277,7.265288149937987e-05
Persist(ref),56,,0.0016758611,0.027921744,0.0013117934577167034,0.03271472454071045,0.0795038715004921,7.158657535910606e-05
Persist(ref),57,,0.0016785631,0.02802951,0.0013146993005648255,0.03303148224949837,0.0771813914179802,7.265829481184483e-05
Persist(ref),58,,0.0016768882,0.028126802,0.0013143352698534727,0.03364973142743111,0.07471469044685364,7.537932106060907e-05
Persist(ref),59,,0.0016839042,0.028157752,0.0013223218265920877,0.03374258801341057,0.07075202465057373,7.471810386050493e-05
Persist(ref),60,,0.0016831906,0.028229853,0.0013249018229544163,0.03377459943294525,0.06619773805141449,7.531566370744258e-05
Persist(ref),61,,0.0016887842,0.028290516,0.001332028885371983,0.033777475357055664,0.06542264670133591,7.484797242796049e-05
Persist(ref),62,,0.0016934786,0.028358715,0.0013370090164244175,0.034067779779434204,0.06466685235500336,7.614975766045973e-05
Persist(ref),63,,0.0016977753,0.028344939,0.0013423027703538537,0.03395848721265793,0.06454306840896606,7.509637362090871e-05
VAR(BIC),1,0.15779713354497865,0.00015354369,0.006938454,9.512229007668793e-05,0.01190545130521059,0.0268254391849041,4.543376053334214e-05
VAR(BIC),2,0.1834498383231791,0.00025190122,0.009139799,0.00016167701687663794,0.01691327430307865,0.03633276745676994,6.429599307011813e-05
VAR(BIC),3,0.20521877898062282,0.00034702802,0.010696583,0.0002328998816665262,0.01961824856698513,0.04141789302229881,7.358677248703316e-05
VAR(BIC),4,0.2263211345488535,0.0004215877,0.011878916,0.0002884387504309416,0.02155400440096855,0.044495172798633575,7.945488323457539e-05
VAR(BIC),5,0.23639864981398195,0.0004813814,0.012988078,0.0003329301835037768,0.023046227172017097,0.046609893441200256,8.352113945875317e-05
VAR(BIC),6,0.25647769171725215,0.00053520605,0.013870117,0.0003729103191290051,0.0243688877671957,0.048361171036958694,8.65655965753831e-05
VAR(BIC),7,0.2740198525811291,0.0005840584,0.014620204,0.00041003836668096483,0.025503313168883324,0.049976617097854614,8.883827831596136e-05
VAR(BIC),8,0.2872464093410511,0.0006160065,0.015085922,0.0004337099671829492,0.02642042748630047,0.05131925269961357,9.058278374141082e-05
VAR(BIC),9,0.2982687301542449,0.0006474035,0.015556119,0.0004576351784635335,0.027189668267965317,0.05231129750609398,9.204104571836069e-05
VAR(BIC),10,0.30317156261511513,0.00067355885,0.016007498,0.000477853900520131,0.027875956147909164,0.053172823041677475,9.34152994886972e-05
VAR(BIC),11,0.3091223198898578,0.00069219206,0.016495219,0.000491781800519675,0.028447840362787247,0.0538754016160965,9.459695866098627e-05
VAR(BIC),12,0.3162183618055216,0.0007121731,0.016905526,0.0005073034553788602,0.028959648683667183,0.05410835146903992,9.556878649163991e-05
VAR(BIC),13,0.32107107287184994,0.0007279022,0.017218046,0.0005194349796511233,0.02939128689467907,0.054000675678253174,9.646120452089235e-05
VAR(BIC),14,0.3209540091121072,0.0007462689,0.017476114,0.0005339626804925501,0.02983783185482025,0.053807199001312256,9.724232222652063e-05
VAR(BIC),15,0.3192094095766781,0.0007535345,0.017715171,0.0005388940335251391,0.030183814465999603,0.0536506213247776,9.798749670153484e-05
VAR(BIC),16,0.3195567297193933,0.0007636576,0.017996505,0.0005461056134663522,0.03055100329220295,0.05353684350848198,9.86707818810828e-05
VAR(BIC),17,0.32241015313563426,0.00077166874,0.01825816,0.000551818055100739,0.030908269807696342,0.05348394438624382,9.943871555151418e-05
VAR(BIC),18,0.32179865614991804,0.000778252,0.018431144,0.0005565475439652801,0.031223425641655922,0.05358939617872238,0.0001000731936073862
VAR(BIC),19,0.322785386725747,0.0007936623,0.018731572,0.0005693580606020987,0.03154250979423523,0.05365647375583649,0.00010060122440336272
VAR(BIC),20,0.3307566152271065,0.00080269005,0.019039055,0.0005763433291576803,0.03186183422803879,0.05377437546849251,0.00010112251766258851
VAR(BIC),21,0.33378681208725747,0.0008238194,0.019394051,0.0005937751848250628,0.03225839138031006,0.0539746955037117,0.00010180758545175195
VAR(BIC),22,0.33481337597655375,0.00085001753,0.019778391,0.0006159698241390288,0.032670773565769196,0.054118383675813675,0.00010257340909447521
VAR(BIC),23,0.3362513530682504,0.00086995674,0.020110639,0.0006329875905066729,0.033000025898218155,0.05428269878029823,0.00010307245975127444
VAR(BIC),24,0.34342220906969284,0.00089275424,0.02045455,0.0006525901262648404,0.033374618738889694,0.05437286198139191,0.00010379010927863419
VAR(BIC),25,0.3497787257906169,0.00091548427,0.02082545,0.000672181136906147,0.03367289528250694,0.054442476481199265,0.00010417917656013742
VAR(BIC),26,0.3539149172914069,0.00093249214,0.021085324,0.0006867233896628022,0.03389972820878029,0.05443645641207695,0.0001044352538883686
VAR(BIC),27,0.3583122557285937,0.00094488176,0.021229358,0.0006971951224841177,0.03412662446498871,0.054503899067640305,0.00010473938164068386
VAR(BIC),28,0.36284528869671984,0.0009533082,0.021341678,0.0007039906922727823,0.034408312290906906,0.05465470626950264,0.00010537917842157185
VAR(BIC),29,0.36558761704903064,0.00096337014,0.021495676,0.000712703273165971,0.034577205777168274,0.05465688183903694,0.00010564266995061189
VAR(BIC),30,0.3698611740493185,0.0009773113,0.021709563,0.0007248448673635721,0.03483991697430611,0.05506351962685585,0.00010618389205774292
VAR(BIC),31,0.3716593758880305,0.0009881686,0.021821398,0.0007341229356825352,0.03505079075694084,0.05526866018772125,0.00010660826956154779
VAR(BIC),32,0.3773072258835242,0.0009972078,0.021903867,0.0007417247397825122,0.0352046899497509,0.055255986750125885,0.00010679278784664348
VAR(BIC),33,0.38181047861615036,0.0010014927,0.021947186,0.0007450278499163687,0.035405054688453674,0.05519067868590355,0.00010723346349550411
VAR(BIC),34,0.3835848108077489,0.0010057554,0.022032201,0.0007481157081201673,0.03561942279338837,0.055132217705249786,0.00010767867206595838
VAR(BIC),35,0.39377071287074183,0.0010138918,0.022110762,0.0007547514978796244,0.035903993993997574,0.05521227791905403,0.00010845186625374481
VAR(BIC),36,0.40390291624183394,0.0010183053,0.022217615,0.0007582859834656119,0.03607790917158127,0.05511929839849472,0.00010873378778342158
VAR(BIC),37,0.4089892871303955,0.0010237457,0.022278208,0.0007629554020240903,0.03624601662158966,0.05509231984615326,0.00010909143020398915
VAR(BIC),38,0.41622749565726386,0.0010287453,0.022375863,0.0007673093350604177,0.03638390451669693,0.05549762025475502,0.00010941100481431931
VAR(BIC),39,0.41882792429782306,0.0010348919,0.022485286,0.000772760366089642,0.03655768930912018,0.05547035485506058,0.00010985292465193197
VAR(BIC),40,0.4242468491895203,0.0010384312,0.022557275,0.000775822380091995,0.03667334094643593,0.05542391166090965,0.000110121640318539
VAR(BIC),41,0.42751513473629604,0.0010432499,0.022590162,0.0007798236911185086,0.0368802510201931,0.055749546736478806,0.00011073265341110528
VAR(BIC),42,0.4331152524451492,0.0010450876,0.022616664,0.0007811932009644806,0.03701728209853172,0.05571674928069115,0.00011107645696029067
VAR(BIC),43,0.43739707826206803,0.0010491757,0.022694398,0.000784422445576638,0.03717311471700668,0.055783387273550034,0.00011155897664139047
VAR(BIC),44,0.4374747257836225,0.0010502848,0.022750808,0.0007851803675293922,0.037248000502586365,0.05575183406472206,0.00011172553058713675
VAR(BIC),45,0.4367149269279434,0.0010519102,0.022770666,0.0007860888727009296,0.037440016865730286,0.05595758557319641,0.00011241839092690498
VAR(BIC),46,0.43916416487292737,0.0010550793,0.022834638,0.0007888068212196231,0.037516724318265915,0.055872734636068344,0.0001125694761867635
VAR(BIC),47,0.4438060121038336,0.0010562863,0.022853266,0.000789735175203532,0.03758420795202255,0.05586458370089531,0.00011275209544692189
VAR(BIC),48,0.4452189535206688,0.0010565587,0.022849226,0.0007895976305007935,0.037664979696273804,0.055797021836042404,0.00011293713032500818
VAR(BIC),49,0.44752281646068737,0.0010589174,0.022859337,0.0007912634173408151,0.0377652533352375,0.055770423263311386,0.00011317243479425088
VAR(BIC),50,0.4488307064499077,0.0010614557,0.0228914,0.0007931749569252133,0.03784780949354172,0.055710725486278534,0.00011333339352859184
VAR(BIC),51,0.447837813945452,0.0010647218,0.022907883,0.0007958250353112817,0.037918541580438614,0.055636338889598846,0.00011346124665578827
VAR(BIC),52,0.44939303055582014,0.0010690936,0.022991298,0.0007994165644049644,0.03803402557969093,0.055626824498176575,0.00011366551916580647
VAR(BIC),53,0.44794357275027363,0.0010735434,0.023077209,0.0008030226454138756,0.03819342702627182,0.05564787611365318,0.00011411056038923562
VAR(BIC),54,0.44661639301499356,0.0010807712,0.023220873,0.0008094428922049701,0.03831963241100311,0.05559790879487991,0.00011437291686888784
VAR(BIC),55,0.44616176528861007,0.0010846996,0.023344722,0.0008127230103127658,0.038475267589092255,0.05555885285139084,0.00011481508408905938
VAR(BIC),56,0.44597361721054185,0.0010885907,0.023485685,0.0008162632002495229,0.03855195268988609,0.055518463253974915,0.00011500663822516799
VAR(BIC),57,0.44351197981601315,0.0010900456,0.023604823,0.0008174243848770857,0.03868314251303673,0.055492766201496124,0.00011553241347428411
VAR(BIC),58,0.4391809221706121,0.0010917323,0.023739213,0.0008186812628991902,0.03885450214147568,0.055517081171274185,0.00011616125993896276
VAR(BIC),59,0.4338547948935845,0.0010959798,0.02390631,0.0008224745979532599,0.03898896276950836,0.05556783080101013,0.0001165924477390945
VAR(BIC),60,0.4336566024222291,0.0010989441,0.024032414,0.0008251341059803963,0.03911605849862099,0.05556666851043701,0.00011703012569341809
VAR(BIC),61,0.4297337595823414,0.0011032819,0.024165416,0.0008292411803267896,0.03918415307998657,0.05553126335144043,0.00011720756447175518
VAR(BIC),62,0.4314937478758353,0.0011064968,0.02429612,0.0008320238557644188,0.03928213194012642,0.05554960295557976,0.00011749014083761722
VAR(BIC),63,0.4300108821295691,0.001109665,0.024406116,0.0008347597322426736,0.03942405432462692,0.055580902844667435,0.0001179861937998794
DLinear,1,0.1003112235342137,0.00013167999,0.006537849,8.58311468618922e-05,0.007185985799878836,0.022321445867419243,2.9237415219540708e-05
DLinear,2,0.11661329124427221,0.00021738239,0.008350073,0.00014792272122576833,0.009261258877813816,0.02832367829978466,3.432284211157821e-05
DLinear,3,0.1214436845636642,0.00030934898,0.009972102,0.00021737242059316486,0.010650991462171078,0.03436526656150818,3.5214266972616315e-05
DLinear,4,0.16386447586645103,0.00036877565,0.010915957,0.00026485766284167767,0.011218002066016197,0.03804078325629234,3.786391971516423e-05
DLinear,5,0.17322564737545618,0.00042793356,0.011966174,0.00030882080318406224,0.012276348657906055,0.042311668395996094,4.0147293475456536e-05
DLinear,6,0.16397673074214386,0.00048285915,0.01302486,0.0003459697181824595,0.01353991124778986,0.04707612842321396,4.1967818106058985e-05
DLinear,7,0.18471808687632524,0.0005329736,0.013798863,0.00038343502092175186,0.01464257761836052,0.0498342402279377,4.412073758430779e-05
DLinear,8,0.21976787328744246,0.0005654684,0.014317198,0.0004081671650055796,0.01581546850502491,0.05153806507587433,4.782968244398944e-05
DLinear,9,0.2362520842915204,0.00059989,0.014751188,0.0004373383999336511,0.016045745462179184,0.05153294652700424,4.810389145859517e-05
DLinear,10,0.24215483979192132,0.00063445704,0.015346477,0.0004658267425838858,0.016561435535550117,0.050795745104551315,4.90663260279689e-05
DLinear,11,0.22012327800496473,0.0006671156,0.015993388,0.0004897155449725688,0.01717527024447918,0.05125877633690834,5.068069731350988e-05
DLinear,12,0.188639054165248,0.000699686,0.016667206,0.0005118052358739078,0.018039284273982048,0.050958096981048584,5.19056775374338e-05
DLinear,13,0.19448334102554724,0.00071543816,0.016970187,0.0005269107641652226,0.01807663030922413,0.050063356757164,5.1730985433096066e-05
DLinear,14,0.16583991625858455,0.0007476185,0.017547507,0.0005457061342895031,0.01919030398130417,0.04919169470667839,5.264629362500273e-05
DLinear,15,0.20018108158933703,0.0007528556,0.017858688,0.0005529077607207,0.019067665562033653,0.04737415909767151,5.131693251314573e-05
DLinear,16,0.2254375174503942,0.00076288194,0.01809516,0.0005636410787701607,0.01857937127351761,0.044249359518289566,4.7414880100404844e-05
DLinear,17,0.21040364671493006,0.0007743134,0.018402735,0.0005716817686334252,0.019431713968515396,0.04269666597247124,5.387016790336929e-05
DLinear,18,0.24745003344249555,0.0007654079,0.018316124,0.0005730748525820673,0.018200023099780083,0.041205067187547684,4.7674813686171547e-05
DLinear,19,0.2677977063419408,0.00077221636,0.0185183,0.0005835894262418151,0.017584621906280518,0.03996524587273598,4.4277257984504104e-05
DLinear,20,0.29351147814901046,0.00077530165,0.018650733,0.0005898343515582383,0.01748788170516491,0.03859196603298187,4.432223067851737e-05
DLinear,21,0.31752076964034665,0.00079282763,0.018950801,0.0006067345384508371,0.018627481535077095,0.04156414791941643,5.013325426261872e-05
DLinear,22,0.31943530411009236,0.0008378665,0.019989135,0.0006348609458655119,0.021228307858109474,0.05011170729994774,5.306445746100508e-05
DLinear,23,0.32037994222272587,0.00085335085,0.020224413,0.000648699642624706,0.020422225818037987,0.04712998867034912,5.087070894660428e-05
DLinear,24,0.3388932462294436,0.0008653581,0.020336233,0.0006638959748670459,0.020230384543538094,0.04514136165380478,5.27098382008262e-05
DLinear,25,0.3532304760099636,0.0008977411,0.021201605,0.0006898856372572482,0.021975742653012276,0.04730123654007912,5.563969898503274e-05
DLinear,26,0.3319786599124593,0.00090901414,0.021101883,0.0006956447614356875,0.02211019955575466,0.04592530429363251,5.624056575470604e-05
DLinear,27,0.3541153737093953,0.00092155347,0.021430563,0.0007095366017892957,0.022744767367839813,0.043821752071380615,6.12670773989521e-05
DLinear,28,0.3471947307153974,0.0009237684,0.02128248,0.0007116349879652262,0.02221720479428768,0.0436297208070755,5.816516568302177e-05
DLinear,29,0.37000567732498413,0.0009287055,0.021362351,0.0007212609052658081,0.02222835272550583,0.04427792504429817,5.88670045544859e-05
DLinear,30,0.37180030021524885,0.0009397629,0.021466248,0.000730917789041996,0.02285144291818142,0.04549606889486313,6.101334292907268e-05
DLinear,31,0.36289056085566,0.0009528307,0.021418855,0.0007391538820229471,0.022718772292137146,0.04594039544463158,6.0798280173912644e-05
DLinear,32,0.3200968280116805,0.0009787068,0.02163228,0.0007504308596253395,0.02353696897625923,0.044755324721336365,6.095902426750399e-05
DLinear,33,0.2957873888737964,0.0010125779,0.02215068,0.0007649133913218975,0.025703590363264084,0.045930713415145874,6.590745033463463e-05
DLinear,34,0.3192072854121823,0.0010111631,0.022027355,0.0007691751816309988,0.025327514857053757,0.04615279659628868,6.5306514443364e-05
DLinear,35,0.3362715139406202,0.0010074117,0.021766117,0.0007733323145657778,0.024437354877591133,0.04574675112962723,6.37619523331523e-05
DLinear,36,0.3601754906515722,0.0010048526,0.021718794,0.000774807296693325,0.02525659091770649,0.045666709542274475,7.036991155473515e-05
DLinear,37,0.3601595626356064,0.0010086222,0.021709481,0.0007795473211444914,0.02503368631005287,0.04498844966292381,7.026267849141732e-05
DLinear,38,0.3533776575658021,0.0010239956,0.022010759,0.000786994700320065,0.02532990090548992,0.045799411833286285,6.874716927995905e-05
DLinear,39,0.3309833247474367,0.0010540292,0.0224944,0.0008017867803573608,0.025754299014806747,0.044120244681835175,6.548669625772163e-05
DLinear,40,0.34698247129781773,0.0010356116,0.022193093,0.0007945802062749863,0.025538768619298935,0.04363061860203743,6.931177631486207e-05
DLinear,41,0.3393248441852312,0.0010529774,0.022534017,0.0008018765947781503,0.02686268277466297,0.04229290410876274,7.319934229599312e-05
DLinear,42,0.3495133303122996,0.0010627458,0.022855474,0.0008072889177128673,0.02742856740951538,0.042932551354169846,7.381993054877967e-05
DLinear,43,0.3592399311084066,0.0010480282,0.022637477,0.0007999687804840505,0.02708572708070278,0.04340413957834244,7.572119648102671e-05
DLinear,44,0.37107313447563633,0.0010415526,0.022694778,0.0007990185404196382,0.025750014930963516,0.04279525578022003,6.844768358860165e-05
DLinear,45,0.40989217505003556,0.0010388953,0.022935815,0.0008014923078007996,0.02722753956913948,0.04658694937825203,7.57911111577414e-05
DLinear,46,0.4288350198794276,0.0010185936,0.022607666,0.0007917091134004295,0.026701917871832848,0.04681915417313576,7.510212162742391e-05
DLinear,47,0.4353628684302008,0.0010224474,0.022782624,0.0007954102475196123,0.02638900838792324,0.04644712805747986,7.599593664053828e-05
DLinear,48,0.44400195065109627,0.0010222403,0.022834461,0.0007959960494190454,0.026198582723736763,0.04538412764668465,7.372291292995214e-05
DLinear,49,0.4223225626967503,0.0010207267,0.022641666,0.0007922942750155926,0.026761045679450035,0.04635443910956383,7.877957978053018e-05
DLinear,50,0.4172604019410185,0.0010396936,0.0230248,0.0008012580219656229,0.0271825660020113,0.046113044023513794,7.626930892001837e-05
DLinear,51,0.4026872281491577,0.0010686017,0.023542518,0.0008149750647135079,0.028724808245897293,0.04675956070423126,7.964929682202637e-05
DLinear,52,0.408517507803852,0.0010640045,0.023434693,0.0008129122434183955,0.02943447418510914,0.046868469566106796,8.68180432007648e-05
DLinear,53,0.4125201313440811,0.0010854856,0.023964252,0.0008269875543192029,0.0309281162917614,0.04903094470500946,9.039670112542808e-05
DLinear,54,0.43926328674489706,0.0010831894,0.024093838,0.0008317737374454737,0.03057134337723255,0.048536572605371475,8.662840991746634e-05
DLinear,55,0.46218631443354313,0.0010841024,0.024254907,0.0008392403251491487,0.03060241788625717,0.0500483438372612,8.762665675021708e-05
DLinear,56,0.4692654639175252,0.0010711493,0.024056735,0.0008331334684044123,0.0298899058252573,0.050945959985256195,8.358221384696662e-05
DLinear,57,0.4662577059967518,0.0010787008,0.0243274,0.0008394132601097226,0.030820123851299286,0.04755130782723427,8.681448525749147e-05
DLinear,58,0.4757609819304407,0.0010749863,0.024341282,0.0008397180936299264,0.030813753604888916,0.04809847101569176,8.674072887515649e-05
DLinear,59,0.4477222411541463,0.0010958354,0.024676584,0.0008476247312501073,0.031828850507736206,0.048083532601594925,9.234269964508712e-05
DLinear,60,0.4675490933884577,0.0011222342,0.025416762,0.0008711765985935926,0.033775027841329575,0.04906851425766945,9.630341810407117e-05
DLinear,61,0.4494348542351115,0.0011084309,0.025045343,0.0008576121181249619,0.03253498673439026,0.04782811179757118,9.315181523561478e-05
DLinear,62,0.45582532443007917,0.0011155728,0.025285484,0.0008664061897434294,0.03356723487377167,0.047321874648332596,9.743989357957616e-05
DLinear,63,0.4439048048585898,0.0011083356,0.025082396,0.0008577033295296133,0.03507201373577118,0.04728848114609718,0.00010711968934629112
HOT(product),1,0.12218299743725773,0.00034180208,0.011703855,0.0002015436621150002,0.018084678798913956,0.04348344728350639,4.84277043142356e-05
HOT(product),2,0.14320024697500605,0.00038240344,0.012147731,0.00023696408607065678,0.018066981807351112,0.04222986102104187,5.344950477592647e-05
HOT(product),3,0.16764991714207525,0.00043453442,0.012812935,0.00027384862187318504,0.019695445895195007,0.04873013496398926,5.4559885029448196e-05
HOT(product),4,0.1716172264808347,0.0005033719,0.013939838,0.0003364341100677848,0.021316438913345337,0.04523695632815361,5.730735574616119e-05
HOT(product),5,0.1685139537026915,0.0005841329,0.015377974,0.00039438807289116085,0.022877730429172516,0.04938390105962753,6.361227860907093e-05
HOT(product),6,0.20759105117873933,0.00058022427,0.014962824,0.00040637681377120316,0.01966538466513157,0.046641066670417786,5.2212431910447776e-05
HOT(product),7,0.21392457496956327,0.0006180719,0.01569385,0.0004411063273437321,0.020723218098282814,0.04639272764325142,5.809860158478841e-05
HOT(product),8,0.23301401404391706,0.00064797146,0.01601893,0.0004678206460084766,0.020817391574382782,0.045507293194532394,5.856655116076581e-05
HOT(product),9,0.2272257149888495,0.0006853958,0.01667072,0.0004943506210111082,0.023119883611798286,0.04558376222848892,5.912933193030767e-05
HOT(product),10,0.22224390229094587,0.0007212511,0.01728077,0.0005222148611210287,0.025002483278512955,0.04590502008795738,6.217293412191793e-05
HOT(product),11,0.23140766223482176,0.00074331387,0.017659081,0.0005362368538044393,0.023991255089640617,0.04629635438323021,5.7388322602491826e-05
HOT(product),12,0.2622161290170311,0.0007659656,0.01778614,0.0005727354437112808,0.021996531635522842,0.04608478397130966,5.9381811297498643e-05
HOT(product),13,0.24994696905595826,0.00076599076,0.017978316,0.0005662182811647654,0.024303143844008446,0.04751446843147278,6.565286457771435e-05
HOT(product),14,0.2644740170796824,0.00081033865,0.018392963,0.0006018679705448449,0.025597255676984787,0.046667855232954025,6.636484613409266e-05
HOT(product),15,0.26094002618105805,0.00081317,0.018481571,0.0006079798913560808,0.024864455685019493,0.048664018511772156,7.107148121576756e-05
HOT(product),16,0.25530903189275506,0.00086488266,0.019275105,0.0006499054143205285,0.026168812066316605,0.04878278821706772,7.240773265948519e-05
HOT(product),17,0.26686510369036015,0.00083103974,0.018763479,0.0006307498551905155,0.023604998365044594,0.04452355206012726,6.0525431763380766e-05
HOT(product),18,0.22154227323363934,0.0008916247,0.019765323,0.0006585867959074676,0.029121387749910355,0.05100104585289955,7.707464828854427e-05
HOT(product),19,0.237487038605698,0.0008901367,0.019723559,0.0006646888796240091,0.02829163521528244,0.04775634780526161,7.086781261023134e-05
HOT(product),20,0.21968982478003085,0.00089460314,0.019849438,0.0006661282968707383,0.028177013620734215,0.04703821614384651,6.554272840730846e-05
HOT(product),21,0.24150694129753403,0.0008825272,0.019736059,0.0006604781374335289,0.02684023603796959,0.04597345367074013,7.408967212541029e-05
HOT(product),22,0.2632644120061356,0.00094072596,0.020385643,0.0007206657901406288,0.027263840660452843,0.04591407626867294,6.564320210600272e-05
HOT(product),23,0.27624373295126625,0.00091453805,0.020017974,0.0006974881980568171,0.02696932479739189,0.046973418444395065,6.577825843123719e-05
HOT(product),24,0.2729797788730289,0.0009589282,0.020316368,0.0007295043324120343,0.02678178809583187,0.048760510981082916,6.235275941435248e-05
HOT(product),25,0.2824444275426004,0.00096771226,0.020645596,0.0007304330356419086,0.029698308557271957,0.04972844943404198,7.425381772918627e-05
HOT(product),26,0.2919290078090849,0.00094981276,0.020697918,0.0007224822766147554,0.027300244197249413,0.04844965413212776,6.66486012050882e-05
HOT(product),27,0.28461341735720913,0.0009841953,0.020945756,0.0007409181562252343,0.030371861532330513,0.05109727010130882,7.425622607115656e-05
HOT(product),28,0.2850851868873128,0.00096460857,0.020816747,0.0007298714481294155,0.0285186730325222,0.04714835435152054,6.93272813805379e-05
HOT(product),29,0.29088101259360255,0.0009917519,0.021000978,0.0007458146428689361,0.02882860042154789,0.05416025221347809,6.575960287591442e-05
HOT(product),30,0.3043773076256579,0.0009972508,0.020926982,0.0007523347157984972,0.02947627194225788,0.05439260974526405,6.805741577409208e-05
HOT(product),31,0.2643649615734968,0.0010416927,0.021352135,0.0007857580203562975,0.03014403022825718,0.0512094721198082,7.001132325967774e-05
HOT(product),32,0.28690157451654186,0.0009963755,0.02107355,0.0007498949998989701,0.030610064044594765,0.05119606852531433,7.24017372704111e-05
HOT(product),33,0.2892205149188072,0.0010166739,0.021179132,0.0007641997653990984,0.030206983909010887,0.05294370651245117,7.319077849388123e-05
HOT(product),34,0.2941576625693891,0.0010309329,0.02124095,0.0007791694370098412,0.03130621835589409,0.05096157267689705,8.042497938731685e-05
HOT(product),35,0.31168968910830486,0.0010488402,0.021221954,0.0007975060143508017,0.03040182776749134,0.05316208302974701,7.422651833621785e-05
HOT(product),36,0.32153371757108856,0.0010229825,0.021023044,0.0007791822426952422,0.02883213385939598,0.04893796518445015,6.566098454641178e-05
HOT(product),37,0.31609557833683943,0.0010375357,0.02133009,0.0007823350606486201,0.030463358387351036,0.04962819069623947,6.984001083765179e-05
HOT(product),38,0.2891201515323361,0.0010444175,0.021389963,0.0007821665494702756,0.031418733298778534,0.05041307210922241,7.585366984130815e-05
HOT(product),39,0.32261197123273083,0.0010347596,0.021330716,0.0007757814601063728,0.03338086977601051,0.05317395180463791,7.580470264656469e-05
HOT(product),40,0.3339454772302246,0.0010303803,0.021340337,0.0007708284538239241,0.033709216862916946,0.05210321396589279,7.916722097434103e-05
HOT(product),41,0.329312298402821,0.0010240449,0.02139087,0.0007644831785000861,0.032956819981336594,0.050699010491371155,7.916136382846162e-05
HOT(product),42,0.3350680086665909,0.0010453931,0.021215592,0.0007819393067620695,0.033954232931137085,0.05702155455946922,7.782391185173765e-05
HOT(product),43,0.32527714675177566,0.0010426642,0.021411244,0.0007735340041108429,0.03380659595131874,0.05171377956867218,7.654114597244188e-05
HOT(product),44,0.33537963230657564,0.001026944,0.021469593,0.0007629572064615786,0.034081194549798965,0.05165215954184532,8.378749043913558e-05
HOT(product),45,0.3513214663343529,0.0010208946,0.021547873,0.0007624666322953999,0.03346041217446327,0.057026252150535583,7.685504533583298e-05
HOT(product),46,0.34053944337449493,0.0010265398,0.021377977,0.0007637451635673642,0.03468066453933716,0.052041128277778625,7.677436951780692e-05
HOT(product),47,0.3429435948433931,0.0010503711,0.021521637,0.0007859896868467331,0.03279615193605423,0.053140901029109955,7.042456127237529e-05
HOT(product),48,0.3145612751912033,0.0010443112,0.021742059,0.0007608761661686003,0.03642764687538147,0.0539882592856884,7.777776045259088e-05
HOT(product),49,0.31138361434154227,0.0010518832,0.02184725,0.0007730816141702235,0.03668873757123947,0.05267344042658806,8.764659287407994e-05
HOT(product),50,0.3602376546282273,0.0010347697,0.021781042,0.0007603404810652137,0.03787383809685707,0.05397806689143181,8.780117786955088e-05
HOT(product),51,0.3328641988204086,0.0010245976,0.021932326,0.0007564917905256152,0.03537864238023758,0.054577529430389404,8.669408998684958e-05
HOT(product),52,0.31213220523880475,0.0010425616,0.022398202,0.0007548111025243998,0.03695124760270119,0.051660146564245224,8.16312458482571e-05
HOT(product),53,0.3219342995921609,0.0010433684,0.022233287,0.0007625911384820938,0.03568962216377258,0.05669422075152397,7.915036985650659e-05
HOT(product),54,0.3432792692729354,0.0010366946,0.022195438,0.0007619185489602387,0.03666793927550316,0.05415619909763336,9.251893061446026e-05
HOT(product),55,0.30255118056342284,0.0010836734,0.022622678,0.0007843867060728371,0.03958745673298836,0.05707242339849472,8.770886051934212e-05
HOT(product),56,0.30799121795933754,0.0010921815,0.022794254,0.000790303573012352,0.04158035293221474,0.05687868595123291,8.60890286276117e-05
HOT(product),57,0.3114294805096002,0.0010531906,0.022638503,0.0007647075690329075,0.03789200261235237,0.057589855045080185,8.101113780867308e-05
HOT(product),58,0.32342393759659105,0.0010490561,0.02253184,0.0007690833299420774,0.038465872406959534,0.05307191237807274,8.502582204528153e-05
HOT(product),59,0.30418969391807693,0.0010549468,0.022528997,0.000767136225476861,0.03706713765859604,0.05233899876475334,7.719246787019074e-05
HOT(product),60,0.3373153156980481,0.0010302886,0.022244733,0.0007620119140483439,0.035719987004995346,0.0520843043923378,8.41750661493279e-05
HOT(product),61,0.3387986905705979,0.0010476651,0.022690857,0.0007684375741519034,0.03825525566935539,0.05779651179909706,8.692747360328212e-05
HOT(product),62,0.317534328858427,0.0010458312,0.022772407,0.0007589721353724599,0.03931078687310219,0.059024468064308167,8.398911450058222e-05
HOT(product),63,0.3421404981551569,0.0010175642,0.022483125,0.0007477956241928041,0.03688208758831024,0.05222037434577942,8.34728343761526e-05
HOT(sum),1,0.07843046347406149,0.000285027,0.011145965,0.0001608521124580875,0.019108587875962257,0.043451156467199326,4.660429112846032e-05
HOT(sum),2,0.09855916454324161,0.00034837693,0.0120526,0.00021328000002540648,0.019926197826862335,0.04535363242030144,5.5133976275101304e-05
HOT(sum),3,0.1042541390079309,0.00041789343,0.0130051095,0.0002617019054014236,0.02262674830853939,0.05022789537906647,6.57378404866904e-05
HOT(sum),4,0.11389857711617966,0.0004723735,0.01386524,0.0003028079227078706,0.02407127059996128,0.053529080003499985,5.8394372899783775e-05
HOT(sum),5,0.12087767208420783,0.0005169032,0.014651388,0.0003354425716679543,0.02674822509288788,0.05513501539826393,7.50188046367839e-05
HOT(sum),6,0.14802272422473603,0.00055483205,0.014951007,0.000377979245968163,0.023029549047350883,0.050823554396629333,6.280253001023084e-05
HOT(sum),7,0.15788141401992062,0.0005988182,0.01564922,0.00041074922773987055,0.02538907714188099,0.05553349852561951,7.338282011914998e-05
HOT(sum),8,0.16350383072948296,0.0006225831,0.016086312,0.00042778169154189527,0.025381242856383324,0.05636102333664894,6.573305290658027e-05
HOT(sum),9,0.16273200971855686,0.00066118664,0.016712284,0.0004536082851700485,0.028008440509438515,0.059517793357372284,6.979460886213928e-05
HOT(sum),10,0.17035637519029354,0.0006906727,0.016949337,0.0004811225226148963,0.027318330481648445,0.05799070745706558,6.889947690069675e-05
HOT(sum),11,0.16487534694686756,0.00072330865,0.017677149,0.0004988207365386188,0.03050844930112362,0.06147259473800659,6.725647108396515e-05
HOT(sum),12,0.1923435382518886,0.0007254125,0.017697036,0.0005111693753860891,0.02804635651409626,0.05765267089009285,6.539893365697935e-05
HOT(sum),13,0.1970467418088891,0.00074993476,0.017998459,0.0005327948601916432,0.028370816260576248,0.0594671256840229,7.044522499199957e-05
HOT(sum),14,0.19247908493605276,0.00077268487,0.018262945,0.0005457467050291598,0.030294734984636307,0.057989876717329025,7.602074765600264e-05
HOT(sum),15,0.16845727833163396,0.0007993953,0.018839931,0.0005639290902763605,0.03153761476278305,0.05881365388631821,7.970764272613451e-05
HOT(sum),16,0.16891827620843597,0.0008212964,0.019238135,0.000578242470510304,0.03430606797337532,0.06379237771034241,7.856871525291353e-05
HOT(sum),17,0.18293181220424,0.00082482834,0.019394621,0.000590720446780324,0.03089340776205063,0.057775117456912994,6.696097989333794e-05
HOT(sum),18,0.1528002978550658,0.0008576976,0.01968864,0.0006080277380533516,0.03428777679800987,0.06083371862769127,8.076625817921013e-05
HOT(sum),19,0.17370148248171202,0.00085983856,0.01972236,0.0006187049439176917,0.03347255289554596,0.059247978031635284,8.53435558383353e-05
HOT(sum),20,0.17246646180280212,0.00087593956,0.019960318,0.0006323059787973762,0.032385289669036865,0.05708805099129677,7.282928709173575e-05
HOT(sum),21,0.1834418804278396,0.0009024249,0.020309312,0.0006509096710942686,0.03393365070223808,0.058923304080963135,7.640734838787466e-05
HOT(sum),22,0.17407901925200292,0.0009334359,0.020836584,0.0006730409804731607,0.03520725294947624,0.05912689119577408,7.105369149940088e-05
HOT(sum),23,0.1828962936054337,0.00094516535,0.020901578,0.0006828625919297338,0.0350840799510479,0.061054207384586334,7.339902367675677e-05
HOT(sum),24,0.17792915958599134,0.00096790446,0.021186585,0.0006981480401009321,0.03592943772673607,0.061290498822927475,7.172353070927784e-05
HOT(sum),25,0.19998604849155158,0.0009831777,0.021483246,0.0007156432257033885,0.03540986776351929,0.06063232570886612,7.217087113531306e-05
HOT(sum),26,0.20977717629605178,0.000989474,0.02146314,0.0007291952497325838,0.03373325988650322,0.05941557139158249,7.188482413766906e-05
HOT(sum),27,0.18487288708390323,0.0010203102,0.02187166,0.0007368989754468203,0.039059821516275406,0.0673164427280426,8.064509893301874e-05
HOT(sum),28,0.19253358288376146,0.0010236508,0.021787498,0.0007441641646437347,0.03678618371486664,0.06156306341290474,7.724366150796413e-05
HOT(sum),29,0.20926110574916382,0.0010288742,0.022059286,0.0007501615327782929,0.03715880587697029,0.06247297301888466,7.38283124519512e-05
HOT(sum),30,0.2088603031418754,0.0010350016,0.022011518,0.0007589972228743136,0.036006536334753036,0.06288522481918335,7.676226232433692e-05
HOT(sum),31,0.17431092453216437,0.0010851034,0.022581264,0.0007747718482278287,0.04325750097632408,0.06848786026239395,8.737474126974121e-05
HOT(sum),32,0.23694028644059958,0.0010507478,0.022311294,0.0007715546526014805,0.03676321357488632,0.06516600400209427,7.715980609646067e-05
HOT(sum),33,0.20815814217349077,0.0010714387,0.02241031,0.0007818841258995235,0.039176467806100845,0.06561274081468582,7.858988828957081e-05
HOT(sum),34,0.2013252775369056,0.001083327,0.022522334,0.000787793833296746,0.04099946841597557,0.06713927537202835,8.664413326187059e-05
HOT(sum),35,0.21057995277819502,0.001085297,0.022455022,0.0007883021025918424,0.04033542424440384,0.06540689617395401,8.207558130379766e-05
HOT(sum),36,0.21046243439009754,0.0010919822,0.022531556,0.0007868986576795578,0.040750809013843536,0.06439444422721863,8.314383012475446e-05
HOT(sum),37,0.22337973452664184,0.0011146658,0.022894545,0.000798477791249752,0.04368975758552551,0.0675312802195549,8.631877426523715e-05
HOT(sum),38,0.21409088119783998,0.0011126357,0.02280412,0.0007963459356687963,0.04349686950445175,0.0669172927737236,9.064398182090372e-05
HOT(sum),39,0.24058090212104427,0.0011026242,0.022616686,0.0007944573881104589,0.04266117140650749,0.0661909207701683,8.954377699410543e-05
HOT(sum),40,0.22110958998731567,0.001126917,0.02334225,0.0008088139584288001,0.04361278563737869,0.06589068472385406,8.707999950274825e-05
HOT(sum),41,0.2478913379447607,0.0011274636,0.023365468,0.0008109575719572604,0.04312437027692795,0.06689636409282684,8.72188902576454e-05
HOT(sum),42,0.21269678023866187,0.0011401251,0.023417102,0.0008070478215813637,0.046814482659101486,0.07086341083049774,9.143323404714465e-05
HOT(sum),43,0.2217585847378484,0.001139115,0.023562232,0.0008041022229008377,0.046105317771434784,0.06779409199953079,9.228459384758025e-05
HOT(sum),44,0.2532408422123086,0.001115154,0.023356715,0.000804097973741591,0.04160882160067558,0.06487156450748444,8.710692782187834e-05
HOT(sum),45,0.2233156616520193,0.0011357333,0.023409922,0.0008062569540925324,0.04562538489699364,0.06802479177713394,9.102615877054632e-05
HOT(sum),46,0.22979598081487793,0.0011606812,0.0238628,0.00081124302232638,0.04924766719341278,0.07326774299144745,9.486789349466562e-05
HOT(sum),47,0.23487063438706718,0.0011442689,0.023392309,0.0008007040014490485,0.04832135885953903,0.07246118038892746,9.779391257325187e-05
HOT(sum),48,0.22225326843123921,0.0011332224,0.023460982,0.0007996871136128902,0.04572271183133125,0.07015331834554672,9.188947296934202e-05
HOT(sum),49,0.22416553314379498,0.0011568933,0.023732042,0.0008075301302596927,0.04781361669301987,0.07203473150730133,9.220506763085723e-05
HOT(sum),50,0.25242272761602635,0.001161758,0.024303582,0.0008174579706974328,0.04880767688155174,0.07276015728712082,9.861985017778352e-05
HOT(sum),51,0.21656517880744675,0.0011524336,0.023848234,0.0008075638324953616,0.04734182730317116,0.0700073316693306,9.844176383921877e-05
HOT(sum),52,0.2151801088362118,0.0011778808,0.024201423,0.0008123249863274395,0.05120525881648064,0.0751805454492569,9.930527448887005e-05
HOT(sum),53,0.198447534923249,0.0011758668,0.024263538,0.0008213822729885578,0.049754347652196884,0.07192379981279373,0.00010152388858841732
HOT(sum),54,0.2286501793134897,0.0011901764,0.025074,0.0008389395079575479,0.04811060056090355,0.06945282965898514,9.58224045461975e-05
HOT(sum),55,0.18626721011440048,0.0012278088,0.025015261,0.0008467639563605189,0.05525514855980873,0.07837654650211334,0.0001055395623552613
HOT(sum),56,0.18735850704278528,0.0012220544,0.02477679,0.000839018786791712,0.05558272451162338,0.07506206631660461,0.00011083220306318253
HOT(sum),57,0.21231774067450174,0.0011824599,0.024636379,0.0008240584866143763,0.04993390291929245,0.06882575899362564,0.0001030950661515817
HOT(sum),58,0.20767589605751077,0.0011928803,0.024705848,0.0008262963965535164,0.05160049349069595,0.07212778180837631,0.00010052876314148307
HOT(sum),59,0.20101843045471326,0.0011884659,0.024673972,0.0008237679721787572,0.05120742693543434,0.06865432858467102,0.00010110344737768173
HOT(sum),60,0.2077714328197575,0.0011889809,0.025063714,0.0008297281456179917,0.051264092326164246,0.07001711428165436,0.00010193666821578518
HOT(sum),61,0.21238588516294693,0.0012093339,0.02524666,0.0008418631623499095,0.05340580269694328,0.07058542221784592,0.00010363299224991351
HOT(sum),62,0.1873140727818589,0.0012292365,0.025297573,0.0008399687940254807,0.05736132711172104,0.07479482144117355,0.0001086118136299774
HOT(sum),63,0.20135763539439527,0.0012098703,0.025544165,0.0008450588793493807,0.05143856257200241,0.06912478804588318,9.649040293879807e-05
DynGWN,1,0.07266198539935112,0.0004081995,0.014333537,0.0002708050888031721,0.02511691115796566,0.044402264058589935,0.00012522292672656476
DynGWN,2,0.08828045593132708,0.00047889567,0.015679458,0.0003261966339778155,0.02628983184695244,0.04837939143180847,0.00012750428868457675
DynGWN,3,0.10134936674138753,0.0005281288,0.016442178,0.00036513389204628766,0.026846909895539284,0.05158745497465134,0.00012735794007312506
DynGWN,4,0.09170114374669784,0.00056871044,0.016881227,0.00038715318078175187,0.028531353920698166,0.0550028495490551,0.00013298497651703656
DynGWN,5,0.0957204325859525,0.00062190625,0.017815165,0.0004251234349794686,0.029915131628513336,0.05757495015859604,0.00013675341324415058
DynGWN,6,0.11605744483161977,0.0006678066,0.018684274,0.0004635561490431428,0.03042854182422161,0.058943599462509155,0.00013716649846173823
DynGWN,7,0.13676689553239887,0.0006806892,0.018805787,0.0004800281603820622,0.029532650485634804,0.05921635031700134,0.00013187371951062232
DynGWN,8,0.1491272534069231,0.0006627909,0.017869813,0.0004685566818807274,0.028303686529397964,0.05901468172669411,0.00012441219587344676
DynGWN,9,0.15895545290642504,0.00071029516,0.01918425,0.0005094319931231439,0.029006384313106537,0.05800127610564232,0.0001260487042600289
DynGWN,10,0.17889923129272073,0.0007055169,0.01882921,0.0005088197067379951,0.02827298268675804,0.057054050266742706,0.00011726313823601231
DynGWN,11,0.19118601539235242,0.0007002562,0.01820849,0.0005026014405302703,0.02860940434038639,0.056487951427698135,0.00011885533604072407
DynGWN,12,0.20342556927608443,0.0007138531,0.018411616,0.0005139229469932616,0.028944186866283417,0.05533161759376526,0.00011516620725160465
DynGWN,13,0.19945581496898157,0.00074269495,0.01926203,0.0005397643544711173,0.029146404936909676,0.05320078507065773,0.00012066614726791158
DynGWN,14,0.18441419219951008,0.00076491025,0.019521289,0.0005549126653932035,0.030025284737348557,0.05165012553334236,0.00012781817349605262
DynGWN,15,0.18646753804614616,0.0007771696,0.019818697,0.0005692390259355307,0.029718587175011635,0.05005105212330818,0.00012376920494716614
DynGWN,16,0.17927813361368483,0.0007902367,0.020006936,0.0005803249077871442,0.029927581548690796,0.04902718588709831,0.00012401161075104028
DynGWN,17,0.17978869429597782,0.00078433554,0.019448785,0.0005738426116295159,0.030283348634839058,0.0493343211710453,0.00012094711564714089
DynGWN,18,0.16430801028126538,0.0007967533,0.019254565,0.0005817979690618813,0.031097225844860077,0.049755629152059555,0.0001237863179994747
DynGWN,19,0.1513768716249387,0.0008180954,0.019450167,0.0005978852859698236,0.03169011324644089,0.05029793456196785,0.00012621695350389928
DynGWN,20,0.1451111201323188,0.00083923456,0.019519093,0.0006126374937593937,0.03267372027039528,0.051579684019088745,0.00012853513180743903
DynGWN,21,0.1599869960170208,0.0008644043,0.019684236,0.0006292113685049117,0.0341806598007679,0.05396191030740738,0.00012564437929540873
DynGWN,22,0.16293455686606387,0.0008861928,0.019961726,0.0006454465910792351,0.03478629142045975,0.0554487444460392,0.00012679437350016087
DynGWN,23,0.16930828032369746,0.00091618905,0.02022025,0.0006640208885073662,0.036609947681427,0.05782805755734444,0.00012734771007671952
DynGWN,24,0.1763892963673181,0.0009364558,0.020519743,0.0006758645176887512,0.03750982508063316,0.05939127504825592,0.00012608162069227546
DynGWN,25,0.17846438928653596,0.00094071485,0.020835655,0.0006865195464342833,0.03575965762138367,0.05915427580475807,0.00012612376303877681
DynGWN,26,0.17206604395365274,0.00095821655,0.021022528,0.0007034744485281408,0.03557653725147247,0.05961631238460541,0.00012993562268093228
DynGWN,27,0.17319296639874324,0.0009842198,0.021751141,0.0007283829036168754,0.034924060106277466,0.05947081744670868,0.00012910616351291537
DynGWN,28,0.1828190162572846,0.0009940398,0.021702575,0.0007322668679989874,0.03587285056710243,0.060173507779836655,0.00012649971176870167
DynGWN,29,0.18484422534781728,0.0010097455,0.021745672,0.0007418789900839329,0.036704737693071365,0.06027520075440407,0.00012597306340467185
DynGWN,30,0.18289870567576777,0.0010378427,0.022258013,0.0007701737340539694,0.03619212284684181,0.05943102762103081,0.00012862183211836964
DynGWN,31,0.18771767241872975,0.001044926,0.021797746,0.0007591398898512125,0.03933638334274292,0.06047255918383598,0.00012559053720906377
DynGWN,32,0.18695573766987855,0.0010627497,0.02219192,0.0007718346896581352,0.039485830813646317,0.05953539162874222,0.00012379528197925538
DynGWN,33,0.189064573399499,0.0010791448,0.022811903,0.0007910505519248545,0.03848668932914734,0.05786648020148277,0.00012346392031759024
DynGWN,34,0.18039307412522845,0.0010789946,0.022364484,0.0007859868928790092,0.039845261722803116,0.05804559588432312,0.00012660369975492358
DynGWN,35,0.18516739595949613,0.0010931592,0.022725344,0.0007946409750729799,0.040333062410354614,0.05766749382019043,0.0001254898525075987
DynGWN,36,0.18895896323440659,0.0010987842,0.022848675,0.0007969076978042722,0.04083356633782387,0.05745658650994301,0.0001256444666069001
DynGWN,37,0.18934752814231762,0.0011146833,0.023361906,0.0008004894480109215,0.04197334498167038,0.05774988606572151,0.00012261202209629118
DynGWN,38,0.19191838063823963,0.0011310376,0.023896277,0.0008217651047743857,0.04095340520143509,0.0577113963663578,0.00012298737419769168
DynGWN,39,0.19311922040296178,0.0011332014,0.023853933,0.0008250725222751498,0.04103147238492966,0.0583881177008152,0.00012439752754289657
DynGWN,40,0.20079080429893753,0.0011929317,0.025368907,0.0008968436741270125,0.038733262568712234,0.05731160566210747,0.00012828588660340756
DynGWN,41,0.2028503749727942,0.0011832102,0.025075234,0.0008853854960761964,0.039226219058036804,0.05888902768492699,0.00012861558934673667
DynGWN,42,0.20191151202749155,0.0012414106,0.026314704,0.0009450018405914307,0.03868841752409935,0.05929930508136749,0.0001327511272393167
DynGWN,43,0.20559425833884748,0.0011880511,0.025078857,0.0008879010565578938,0.03974411264061928,0.061573754996061325,0.0001302653254242614
DynGWN,44,0.20885902690705233,0.001189728,0.025067998,0.0008882729453034699,0.03999166190624237,0.06295359134674072,0.00013110556756146252
DynGWN,45,0.20708011260354825,0.001156775,0.024055265,0.000841201632283628,0.04274911805987358,0.06572509557008743,0.00013005451182834804
DynGWN,46,0.21171138764666675,0.0011656634,0.024255855,0.0008443876868113875,0.043445292860269547,0.06659765541553497,0.00012943630281370133
DynGWN,47,0.21350721157121302,0.0011725739,0.024327794,0.000849663745611906,0.04376410320401192,0.06705846637487411,0.00013012801355216652
DynGWN,48,0.21178020780661155,0.0011813315,0.024352126,0.0008357168990187347,0.04689330980181694,0.06847299635410309,0.00012851139763370156
DynGWN,49,0.2063431470687469,0.0011883564,0.024047831,0.0008280214387923479,0.04962502047419548,0.06969516724348068,0.00013125388068147004
DynGWN,50,0.2087608589039568,0.001192435,0.024044747,0.0008382809464819729,0.04909403994679451,0.0687854066491127,0.00013292211224325
DynGWN,51,0.21371243810676688,0.00119898,0.024389274,0.0008637215942144394,0.04621182009577751,0.06621905416250229,0.00013335730182006955
DynGWN,52,0.21854119540638425,0.0012148333,0.024933737,0.0008717374294064939,0.04689912497997284,0.0650438666343689,0.00013127193960826844
DynGWN,53,0.22537471768740575,0.0012246519,0.025084188,0.0008980961865745485,0.04480384290218353,0.06243911013007164,0.00013478680921252817
DynGWN,54,0.23119187514458414,0.0012414454,0.025461873,0.0009214392048306763,0.04371128976345062,0.060172636061906815,0.00013646529987454414
DynGWN,55,0.22785077645829996,0.0012524904,0.025643677,0.0009346710867248476,0.04379943385720253,0.05879494175314903,0.00013936651521362364
DynGWN,56,0.23361765445220142,0.0012196988,0.025011884,0.0008860842790454626,0.04641108587384224,0.05914618447422981,0.00013431927072815597
DynGWN,57,0.23712343283863885,0.0012327442,0.025347995,0.0009093866683542728,0.0451711006462574,0.057357754558324814,0.0001371891121380031
DynGWN,58,0.23736965890638564,0.0012339755,0.025529075,0.0009043152676895261,0.04606484994292259,0.05714672803878784,0.00013507729454431683
DynGWN,59,0.2301607879547787,0.0012410607,0.025780719,0.000904958404134959,0.046949539333581924,0.05739656835794449,0.00013383483747020364
DynGWN,60,0.22279916820916343,0.0012378237,0.02555822,0.0009038723073899746,0.04730084538459778,0.05801043286919594,0.0001363116316497326
DynGWN,61,0.20838030097050753,0.0012349358,0.025384855,0.0008836407214403152,0.05004608631134033,0.060426220297813416,0.00013595071504823864
DynGWN,62,0.20351413513462477,0.0012343783,0.025225455,0.0008839351357892156,0.050448134541511536,0.06167013198137283,0.0001383576454827562
DynGWN,63,0.20842200828617788,0.0012460323,0.025598703,0.0009085990022867918,0.04840720444917679,0.061565641313791275,0.00013874174328520894
